time,station_id,battery_volt,rssi,temperature,hummidity,wind_max,wind_average,wind_direction,rain,station_name
2024-06-07 15:21:12,1970559302,0,-101.5,0.0,0,6.0,6.0,112,35.2,cws-009
2024-06-07 15:22:12,1970559302,0,-101.5,0.0,0,6.0,6.0,112,35.2,cws-009
2024-06-07 15:23:12,1970559302,0,-101.5,0.0,0,6.0,6.0,112,35.2,cws-009
2024-06-07 15:24:12,1970559302,0,-101.5,0.0,0,6.0,6.0,112,35.2,cws-009
2024-06-07 15:25:12,1970559302,0,-101.5,0.0,0,6.0,6.0,112,35.2,cws-009
2024-06-07 15:26:12,1970559302,0,-101.5,0.0,0,6.0,6.0,112,35.2,cws-009
2024-06-07 15:27:12,1970559302,0,-101.5,0.0,0,6.0,6.0,112,35.2,cws-009
2024-06-07 15:28:12,1970559302,0,-101.5,0.0,0,6.0,6.0,112,35.2,cws-009
2024-06-07 15:29:12,1970559302,0,-101.5,0.0,0,6.0,6.0,112,35.2,cws-009
2024-06-07 15:30:12,1970559302,0,-101.5,0.0,0,6.0,6.0,112,35.2,cws-009
2024-06-08 02:06:46,1970559302,1,-97.5,24.3,41,8.0,8.0,315,0.0,cws-009
2024-06-08 02:07:46,1970559302,1,-97.5,24.3,41,8.0,8.0,315,0.0,cws-009
2024-06-08 02:08:47,1970559302,1,-97.5,24.3,41,8.0,8.0,315,0.0,cws-009
2024-06-08 02:09:47,1970559302,1,-97.5,24.3,41,8.0,8.0,315,0.0,cws-009
2024-06-08 02:10:47,1970559302,1,-97.5,24.3,41,8.0,8.0,315,0.0,cws-009
2024-06-08 02:11:47,1970559302,1,-97.5,24.3,41,8.0,8.0,315,0.0,cws-009
2024-06-08 02:12:47,1970559302,1,-97.5,24.3,41,8.0,8.0,315,0.0,cws-009
2024-06-08 02:13:47,1970559302,1,-97.5,24.3,41,8.0,8.0,315,0.0,cws-009
2024-06-08 02:14:47,1970559302,1,-97.5,24.3,41,8.0,8.0,315,0.0,cws-009
2024-06-08 02:15:47,1970559302,1,-97.5,24.3,41,8.0,8.0,315,0.0,cws-009
2024-06-08 02:16:47,1970559302,1,-97.5,24.3,41,8.0,8.0,315,0.0,cws-009
2024-06-08 02:17:47,1970559302,1,-97.5,24.3,41,8.0,8.0,315,0.0,cws-009
2024-06-08 02:18:47,1970559302,1,-97.5,24.3,41,8.0,8.0,315,0.0,cws-009
2024-06-08 02:19:47,1970559302,1,-97.5,24.3,41,8.0,8.0,315,0.0,cws-009
2024-06-08 02:20:47,1970559302,1,-97.5,24.3,41,8.0,8.0,315,0.0,cws-009
2024-06-08 02:21:47,1970559302,1,-97.5,24.3,41,8.0,8.0,315,0.0,cws-009
2024-06-08 02:22:47,1970559302,1,-97.5,24.3,41,8.0,8.0,315,0.0,cws-009
2024-06-08 02:23:47,1970559302,1,-97.5,24.3,41,8.0,8.0,315,0.0,cws-009
2024-06-08 02:24:47,1970559302,1,-97.5,24.3,41,8.0,8.0,315,0.0,cws-009
2024-06-08 02:25:47,1970559302,1,-97.5,24.3,41,8.0,8.0,315,0.0,cws-009
2024-06-08 02:26:47,1970559302,1,-97.5,24.3,41,8.0,8.0,315,0.0,cws-009
2024-06-08 02:27:47,1970559302,1,-97.5,24.3,41,8.0,8.0,315,0.0,cws-009
2024-06-08 02:28:47,1970559302,1,-97.5,24.3,41,8.0,8.0,315,0.0,cws-009
2024-06-08 02:29:47,1970559302,1,-97.5,24.3,41,8.0,8.0,315,0.0,cws-009
2024-06-08 02:30:47,1970559302,1,-97.5,24.3,41,8.0,8.0,315,0.0,cws-009
2024-06-08 02:31:47,1970559302,1,-97.5,24.3,41,8.0,8.0,315,0.0,cws-009
2024-06-08 02:32:47,1970559302,1,-97.5,24.3,41,8.0,8.0,315,0.0,cws-009
2024-06-08 02:33:48,1970559302,1,-97.5,24.3,41,8.0,8.0,315,0.0,cws-009
2024-06-08 02:34:48,1970559302,1,-97.5,24.3,41,8.0,8.0,315,0.0,cws-009
2024-06-08 02:35:48,1970559302,1,-97.5,24.3,41,8.0,8.0,315,0.0,cws-009
2024-06-08 02:36:48,1970559302,1,-97.5,24.3,41,8.0,8.0,315,0.0,cws-009
2024-06-08 02:37:48,1970559302,1,-97.5,24.3,41,8.0,8.0,315,0.0,cws-009
2024-06-08 02:38:48,1970559302,1,-97.5,24.3,41,8.0,8.0,315,0.0,cws-009
2024-06-08 02:39:48,1970559302,1,-97.5,24.3,41,8.0,8.0,315,0.0,cws-009
2024-06-08 02:40:48,1970559302,1,-97.5,24.3,41,8.0,8.0,315,0.0,cws-009
2024-06-08 02:41:48,1970559302,1,-97.5,24.3,41,8.0,8.0,315,0.0,cws-009
2024-06-08 02:42:48,1970559302,1,-97.5,24.3,41,8.0,8.0,315,0.0,cws-009
2024-06-08 02:43:48,1970559302,1,-97.5,24.3,41,8.0,8.0,315,0.0,cws-009
2024-06-08 02:44:48,1970559302,1,-97.5,24.3,41,8.0,8.0,315,0.0,cws-009
2024-06-08 02:45:48,1970559302,1,-97.5,24.3,41,8.0,8.0,315,0.0,cws-009
2024-06-08 02:46:48,1970559302,1,-97.5,24.3,41,8.0,8.0,315,0.0,cws-009
2024-06-08 02:47:48,1970559302,1,-97.5,24.3,41,8.0,8.0,315,0.0,cws-009
2024-06-08 02:48:48,1970559302,1,-97.5,24.3,41,8.0,8.0,315,0.0,cws-009
2024-06-08 02:49:48,1970559302,1,-97.5,24.3,41,8.0,8.0,315,0.0,cws-009
2024-06-08 02:50:48,1970559302,1,-97.5,24.3,41,8.0,8.0,315,0.0,cws-009
2024-06-08 02:51:48,1970559302,1,-97.5,24.3,41,8.0,8.0,315,0.0,cws-009
2024-06-08 02:52:48,1970559302,1,-97.5,24.3,41,8.0,8.0,315,0.0,cws-009
2024-06-08 02:53:48,1970559302,1,-97.5,24.3,41,8.0,8.0,315,0.0,cws-009
2024-06-08 02:54:48,1970559302,1,-97.5,24.3,41,8.0,8.0,315,0.0,cws-009
2024-06-08 02:55:48,1970559302,1,-97.5,24.3,41,8.0,8.0,315,0.0,cws-009
2024-06-08 02:56:48,1970559302,1,-97.5,24.3,41,8.0,8.0,315,0.0,cws-009
2024-06-08 02:57:48,1970559302,1,-97.5,24.3,41,8.0,8.0,315,0.0,cws-009
2024-06-08 02:58:49,1970559302,1,-97.5,24.3,41,8.0,8.0,315,0.0,cws-009
2024-06-08 02:59:49,1970559302,1,-97.5,24.3,41,8.0,8.0,315,0.0,cws-009
2024-06-08 03:00:49,1970559302,1,-97.5,24.3,41,8.0,8.0,315,0.0,cws-009
2024-06-08 03:01:49,1970559302,1,-97.5,24.3,41,8.0,8.0,315,0.0,cws-009
2024-06-08 03:02:49,1970559302,1,-97.5,24.3,41,8.0,8.0,315,0.0,cws-009
2024-06-08 03:03:49,1970559302,1,-97.5,24.3,41,8.0,8.0,315,0.0,cws-009
2024-06-08 03:04:49,1970559302,1,-97.5,24.3,41,8.0,8.0,315,0.0,cws-009
2024-06-08 03:05:49,1970559302,1,-97.5,24.3,41,8.0,8.0,315,0.0,cws-009
2024-06-08 03:06:49,1970559302,1,-97.5,24.3,41,8.0,8.0,315,0.0,cws-009
2024-06-08 03:07:49,1970559302,1,-97.5,24.3,41,8.0,8.0,315,0.0,cws-009
2024-06-08 03:08:49,1970559302,1,-97.5,24.3,41,8.0,8.0,315,0.0,cws-009
2024-06-08 03:09:49,1970559302,1,-97.5,24.3,41,8.0,8.0,315,0.0,cws-009
2024-06-08 03:10:49,1970559302,1,-97.5,24.3,41,8.0,8.0,315,0.0,cws-009
2024-06-08 03:11:49,1970559302,1,-97.5,24.3,41,8.0,8.0,315,0.0,cws-009
2024-06-08 03:12:49,1970559302,1,-97.5,24.3,41,8.0,8.0,315,0.0,cws-009
2024-06-08 03:13:49,1970559302,1,-97.5,24.3,41,8.0,8.0,315,0.0,cws-009
2024-06-08 03:14:49,1970559302,1,-97.5,24.3,41,8.0,8.0,315,0.0,cws-009
2024-06-08 03:15:49,1970559302,1,-97.5,24.3,41,8.0,8.0,315,0.0,cws-009
2024-06-08 03:16:49,1970559302,1,-97.5,24.3,41,8.0,8.0,315,0.0,cws-009
2024-06-08 03:17:49,1970559302,1,-97.5,24.3,41,8.0,8.0,315,0.0,cws-009
2024-06-08 03:18:49,1970559302,1,-97.5,24.3,41,8.0,8.0,315,0.0,cws-009
2024-06-08 03:19:49,1970559302,1,-97.5,24.3,41,8.0,8.0,315,0.0,cws-009
2024-06-08 03:20:49,1970559302,1,-97.5,24.3,41,8.0,8.0,315,0.0,cws-009
2024-06-08 03:21:49,1970559302,1,-97.5,24.3,41,8.0,8.0,315,0.0,cws-009
2024-06-08 03:22:49,1970559302,1,-97.5,24.3,41,8.0,8.0,315,0.0,cws-009
2024-06-08 03:23:49,1970559302,1,-97.5,24.3,41,8.0,8.0,315,0.0,cws-009
2024-06-08 03:24:50,1970559302,1,-97.5,24.3,41,8.0,8.0,315,0.0,cws-009
2024-06-08 03:25:50,1970559302,1,-97.5,24.3,41,8.0,8.0,315,0.0,cws-009
2024-06-08 03:26:50,1970559302,1,-97.5,24.3,41,8.0,8.0,315,0.0,cws-009
2024-06-08 03:27:50,1970559302,1,-97.5,24.3,41,8.0,8.0,315,0.0,cws-009
2024-06-08 03:28:50,1970559302,1,-97.5,24.3,41,8.0,8.0,315,0.0,cws-009
2024-06-08 03:29:50,1970559302,1,-97.5,24.3,41,8.0,8.0,315,0.0,cws-009
2024-06-08 03:30:50,1970559302,1,-97.5,24.3,41,8.0,8.0,315,0.0,cws-009
2024-06-08 03:31:50,1970559302,1,-97.5,24.3,41,8.0,8.0,315,0.0,cws-009
2024-06-08 03:32:50,1970559302,1,-97.5,24.3,41,8.0,8.0,315,0.0,cws-009
2024-06-08 03:33:50,1970559302,1,-97.5,24.3,41,8.0,8.0,315,0.0,cws-009
2024-06-08 03:34:50,1970559302,1,-97.5,24.3,41,8.0,8.0,315,0.0,cws-009
2024-06-08 03:35:50,1970559302,1,-97.5,24.3,41,8.0,8.0,315,0.0,cws-009
2024-06-08 03:36:50,1970559302,1,-97.5,24.3,41,8.0,8.0,315,0.0,cws-009
2024-06-08 03:37:50,1970559302,1,-97.5,24.3,41,8.0,8.0,315,0.0,cws-009
2024-06-08 03:38:50,1970559302,1,-97.5,24.3,41,8.0,8.0,315,0.0,cws-009
2024-06-08 03:39:50,1970559302,1,-97.5,24.3,41,8.0,8.0,315,0.0,cws-009
2024-06-08 03:40:50,1970559302,1,-97.5,24.3,41,8.0,8.0,315,0.0,cws-009
2024-06-08 03:41:50,1970559302,1,-97.5,24.3,41,8.0,8.0,315,0.0,cws-009
2024-06-08 03:42:50,1970559302,1,-97.5,24.3,41,8.0,8.0,315,0.0,cws-009
2024-06-08 03:43:50,1970559302,1,-97.5,24.3,41,8.0,8.0,315,0.0,cws-009
2024-06-08 03:44:50,1970559302,1,-97.5,24.3,41,8.0,8.0,315,0.0,cws-009
2024-06-08 03:45:50,1970559302,1,-97.5,24.3,41,8.0,8.0,315,0.0,cws-009
2024-06-08 03:46:50,1970559302,1,-97.5,24.3,41,8.0,8.0,315,0.0,cws-009
2024-06-08 03:47:50,1970559302,1,-97.5,24.3,41,8.0,8.0,315,0.0,cws-009
2024-06-08 03:48:50,1970559302,1,-97.5,24.3,41,8.0,8.0,315,0.0,cws-009
2024-06-08 03:49:51,1970559302,1,-97.5,24.3,41,8.0,8.0,315,0.0,cws-009
2024-06-08 03:50:51,1970559302,1,-97.5,24.3,41,8.0,8.0,315,0.0,cws-009
2024-06-08 03:51:51,1970559302,1,-97.5,24.3,41,8.0,8.0,315,0.0,cws-009
2024-06-08 03:52:51,1970559302,1,-97.5,24.3,41,8.0,8.0,315,0.0,cws-009
2024-06-08 03:53:51,1970559302,1,-97.5,24.3,41,8.0,8.0,315,0.0,cws-009
2024-06-08 03:54:51,1970559302,1,-97.5,24.3,41,8.0,8.0,315,0.0,cws-009
2024-06-08 03:55:51,1970559302,1,-97.5,24.3,41,8.0,8.0,315,0.0,cws-009
2024-06-08 03:56:51,1970559302,1,-97.5,24.3,41,8.0,8.0,315,0.0,cws-009
2024-06-08 03:57:51,1970559302,1,-97.5,24.3,41,8.0,8.0,315,0.0,cws-009
2024-06-08 03:58:51,1970559302,1,-97.5,24.3,41,8.0,8.0,315,0.0,cws-009
2024-06-08 03:59:51,1970559302,1,-97.5,24.3,41,8.0,8.0,315,0.0,cws-009
2024-06-08 04:00:51,1970559302,1,-97.5,24.3,41,8.0,8.0,315,0.0,cws-009
2024-06-08 04:01:51,1970559302,1,-101.5,24.5,40,7.0,7.0,338,0.0,cws-009
2024-06-08 04:02:51,1970559302,1,-101.5,24.5,40,7.0,7.0,338,0.0,cws-009
2024-06-08 04:03:51,1970559302,1,-101.5,24.5,40,7.0,7.0,338,0.0,cws-009
2024-06-08 04:04:51,1970559302,1,-101.5,24.5,40,7.0,7.0,338,0.0,cws-009
2024-06-08 04:05:51,1970559302,1,-101.5,24.5,40,7.0,7.0,338,0.0,cws-009
2024-06-08 04:06:51,1970559302,1,-101.5,24.5,40,7.0,7.0,338,0.0,cws-009
2024-06-08 04:07:51,1970559302,1,-101.5,24.5,40,7.0,7.0,338,0.0,cws-009
2024-06-08 04:08:51,1970559302,1,-101.5,24.5,40,7.0,7.0,338,0.0,cws-009
2024-06-08 04:09:51,1970559302,1,-101.5,24.5,40,7.0,7.0,338,0.0,cws-009
2024-06-08 04:10:51,1970559302,1,-101.5,24.5,40,7.0,7.0,338,0.0,cws-009
2024-06-08 04:11:51,1970559302,1,-101.5,24.5,40,7.0,7.0,338,0.0,cws-009
2024-06-08 04:12:51,1970559302,1,-101.5,24.5,40,7.0,7.0,338,0.0,cws-009
2024-06-08 04:13:52,1970559302,1,-101.5,24.5,40,7.0,7.0,338,0.0,cws-009
2024-06-08 04:14:52,1970559302,1,-101.5,24.5,40,7.0,7.0,338,0.0,cws-009
2024-06-08 04:15:52,1970559302,1,-101.5,24.5,40,7.0,7.0,338,0.0,cws-009
2024-06-08 04:16:52,1970559302,1,-101.5,24.5,40,7.0,7.0,338,0.0,cws-009
2024-06-08 04:17:52,1970559302,1,-101.5,24.5,40,7.0,7.0,338,0.0,cws-009
2024-06-08 04:18:52,1970559302,1,-101.5,24.5,40,7.0,7.0,338,0.0,cws-009
2024-06-08 04:19:52,1970559302,1,-101.5,24.5,40,7.0,7.0,338,0.0,cws-009
2024-06-08 04:20:52,1970559302,1,-101.5,24.5,40,7.0,7.0,338,0.0,cws-009
2024-06-08 04:21:52,1970559302,1,-101.5,24.5,40,7.0,7.0,338,0.0,cws-009
2024-06-08 04:22:52,1970559302,1,-101.5,24.5,40,7.0,7.0,338,0.0,cws-009
2024-06-08 04:23:52,1970559302,1,-101.5,24.5,40,7.0,7.0,338,0.0,cws-009
2024-06-08 04:24:52,1970559302,1,-101.5,24.5,40,7.0,7.0,338,0.0,cws-009
2024-06-08 04:25:52,1970559302,1,-101.5,24.5,40,7.0,7.0,338,0.0,cws-009
2024-06-08 04:26:52,1970559302,1,-101.5,24.5,40,7.0,7.0,338,0.0,cws-009
2024-06-08 04:27:52,1970559302,1,-101.5,24.5,40,7.0,7.0,338,0.0,cws-009
2024-06-08 04:28:52,1970559302,1,-101.5,24.5,40,7.0,7.0,338,0.0,cws-009
2024-06-08 04:29:52,1970559302,1,-101.5,24.5,40,7.0,7.0,338,0.0,cws-009
2024-06-08 04:30:52,1970559302,1,-101.5,24.5,40,7.0,7.0,338,0.0,cws-009
2024-06-08 04:31:52,1970559302,1,-101.5,24.5,40,7.0,7.0,338,0.0,cws-009
2024-06-08 04:32:52,1970559302,1,-101.5,24.5,40,7.0,7.0,338,0.0,cws-009
2024-06-08 04:33:52,1970559302,1,-101.5,24.5,40,7.0,7.0,338,0.0,cws-009
2024-06-08 04:34:52,1970559302,1,-101.5,24.5,40,7.0,7.0,338,0.0,cws-009
2024-06-08 04:35:52,1970559302,1,-101.5,24.5,40,7.0,7.0,338,0.0,cws-009
2024-06-08 04:36:52,1970559302,1,-101.5,24.5,40,7.0,7.0,338,0.0,cws-009
2024-06-08 04:37:52,1970559302,1,-101.5,24.5,40,7.0,7.0,338,0.0,cws-009
2024-06-08 04:38:52,1970559302,1,-101.5,24.5,40,7.0,7.0,338,0.0,cws-009
2024-06-08 04:39:52,1970559302,1,-101.5,24.5,40,7.0,7.0,338,0.0,cws-009
2024-06-08 04:40:52,1970559302,1,-101.5,24.5,40,7.0,7.0,338,0.0,cws-009
2024-06-08 04:41:52,1970559302,1,-101.5,24.5,40,7.0,7.0,338,0.0,cws-009
2024-06-08 04:42:53,1970559302,1,-101.5,24.5,40,7.0,7.0,338,0.0,cws-009
2024-06-08 04:43:53,1970559302,1,-101.5,24.5,40,7.0,7.0,338,0.0,cws-009
2024-06-08 04:44:53,1970559302,1,-101.5,24.5,40,7.0,7.0,338,0.0,cws-009
2024-06-08 04:45:53,1970559302,1,-101.5,24.5,40,7.0,7.0,338,0.0,cws-009
2024-06-08 04:46:53,1970559302,1,-101.5,24.5,40,7.0,7.0,338,0.0,cws-009
2024-06-08 04:47:53,1970559302,1,-101.5,24.5,40,7.0,7.0,338,0.0,cws-009
2024-06-08 04:48:53,1970559302,1,-101.5,24.5,40,7.0,7.0,338,0.0,cws-009
2024-06-08 04:49:53,1970559302,1,-101.5,24.5,40,7.0,7.0,338,0.0,cws-009
2024-06-08 04:50:53,1970559302,1,-101.5,24.5,40,7.0,7.0,338,0.0,cws-009
2024-06-08 04:51:53,1970559302,1,-101.5,24.5,40,7.0,7.0,338,0.0,cws-009
2024-06-08 04:52:53,1970559302,1,-101.5,24.5,40,7.0,7.0,338,0.0,cws-009
2024-06-08 04:53:53,1970559302,1,-101.5,24.5,40,7.0,7.0,338,0.0,cws-009
2024-06-08 04:54:53,1970559302,1,-101.5,24.5,40,7.0,7.0,338,0.0,cws-009
2024-06-08 04:55:53,1970559302,1,-101.5,24.5,40,7.0,7.0,338,0.0,cws-009
2024-06-08 04:56:53,1970559302,1,-101.5,24.5,40,7.0,7.0,338,0.0,cws-009
2024-06-08 04:57:53,1970559302,1,-101.5,24.5,40,7.0,7.0,338,0.0,cws-009
2024-06-08 04:58:53,1970559302,1,-101.5,24.5,40,7.0,7.0,338,0.0,cws-009
2024-06-08 04:59:53,1970559302,1,-101.5,24.5,40,7.0,7.0,338,0.0,cws-009
2024-06-08 05:00:53,1970559302,1,-101.5,24.5,40,7.0,7.0,338,0.0,cws-009
2024-06-08 05:01:53,1970559302,1,-101.5,24.5,40,7.0,7.0,338,0.0,cws-009
2024-06-08 05:02:53,1970559302,1,-101.5,24.5,40,7.0,7.0,338,0.0,cws-009
2024-06-08 05:03:53,1970559302,1,-101.5,24.5,40,7.0,7.0,338,0.0,cws-009
2024-06-08 05:04:53,1970559302,1,-101.5,24.5,40,7.0,7.0,338,0.0,cws-009
2024-06-08 05:05:53,1970559302,1,-101.5,24.5,40,7.0,7.0,338,0.0,cws-009
2024-06-08 05:06:53,1970559302,1,-101.5,24.5,40,7.0,7.0,338,0.0,cws-009
2024-06-08 05:07:53,1970559302,1,-101.5,24.5,40,7.0,7.0,338,0.0,cws-009
2024-06-08 05:08:53,1970559302,1,-101.5,24.5,40,7.0,7.0,338,0.0,cws-009
2024-06-08 05:09:53,1970559302,1,-101.5,24.5,40,7.0,7.0,338,0.0,cws-009
2024-06-08 05:10:53,1970559302,1,-101.5,24.5,40,7.0,7.0,338,0.0,cws-009
2024-06-08 05:11:54,1970559302,1,-101.5,24.5,40,7.0,7.0,338,0.0,cws-009
2024-06-08 05:12:54,1970559302,1,-101.5,24.5,40,7.0,7.0,338,0.0,cws-009
2024-06-08 05:13:54,1970559302,1,-101.5,24.5,40,7.0,7.0,338,0.0,cws-009
2024-06-08 05:14:54,1970559302,1,-101.5,24.5,40,7.0,7.0,338,0.0,cws-009
2024-06-08 05:15:54,1970559302,1,-101.5,24.5,40,7.0,7.0,338,0.0,cws-009
2024-06-08 05:16:54,1970559302,1,-101.5,24.5,40,7.0,7.0,338,0.0,cws-009
2024-06-08 05:17:54,1970559302,1,-101.5,24.5,40,7.0,7.0,338,0.0,cws-009
2024-06-08 05:18:54,1970559302,1,-101.5,24.5,40,7.0,7.0,338,0.0,cws-009
2024-06-08 05:19:54,1970559302,1,-101.5,24.5,40,7.0,7.0,338,0.0,cws-009
2024-06-08 05:20:54,1970559302,1,-101.5,24.5,40,7.0,7.0,338,0.0,cws-009
2024-06-08 05:21:54,1970559302,1,-101.5,24.5,40,7.0,7.0,338,0.0,cws-009
2024-06-08 05:22:54,1970559302,1,-101.5,24.5,40,7.0,7.0,338,0.0,cws-009
2024-06-08 05:23:54,1970559302,1,-101.5,24.5,40,7.0,7.0,338,0.0,cws-009
2024-06-08 05:24:54,1970559302,1,-101.5,24.5,40,7.0,7.0,338,0.0,cws-009
2024-06-08 05:25:54,1970559302,1,-101.5,24.5,40,7.0,7.0,338,0.0,cws-009
2024-06-08 05:26:54,1970559302,1,-101.5,24.5,40,7.0,7.0,338,0.0,cws-009
2024-06-08 05:27:54,1970559302,1,-101.5,24.5,40,7.0,7.0,338,0.0,cws-009
2024-06-08 05:28:54,1970559302,1,-101.5,24.5,40,7.0,7.0,338,0.0,cws-009
2024-06-08 05:29:54,1970559302,1,-101.5,24.5,40,7.0,7.0,338,0.0,cws-009
2024-06-08 05:30:54,1970559302,1,-101.5,24.5,40,7.0,7.0,338,0.0,cws-009
2024-06-08 05:31:54,1970559302,1,-101.5,24.5,40,7.0,7.0,338,0.0,cws-009
2024-06-08 05:32:54,1970559302,1,-101.5,24.5,40,7.0,7.0,338,0.0,cws-009
2024-06-08 05:33:54,1970559302,1,-101.5,24.5,40,7.0,7.0,338,0.0,cws-009
2024-06-08 05:34:54,1970559302,1,-101.5,24.5,40,7.0,7.0,338,0.0,cws-009
2024-06-08 05:35:55,1970559302,1,-101.5,24.5,40,7.0,7.0,338,0.0,cws-009
2024-06-08 05:36:55,1970559302,1,-101.5,24.5,40,7.0,7.0,338,0.0,cws-009
2024-06-08 05:37:55,1970559302,1,-101.5,24.5,40,7.0,7.0,338,0.0,cws-009
2024-06-08 05:38:55,1970559302,1,-101.5,24.5,40,7.0,7.0,338,0.0,cws-009
2024-06-08 05:39:55,1970559302,1,-101.5,24.5,40,7.0,7.0,338,0.0,cws-009
2024-06-08 05:40:55,1970559302,1,-101.5,24.5,40,7.0,7.0,338,0.0,cws-009
2024-06-08 05:41:55,1970559302,1,-101.5,24.5,40,7.0,7.0,338,0.0,cws-009
2024-06-08 05:42:55,1970559302,1,-101.5,24.5,40,7.0,7.0,338,0.0,cws-009
2024-06-08 05:43:55,1970559302,1,-101.5,24.5,40,7.0,7.0,338,0.0,cws-009
2024-06-08 05:44:55,1970559302,1,-101.5,24.5,40,7.0,7.0,338,0.0,cws-009
2024-06-08 05:45:55,1970559302,1,-101.5,24.5,40,7.0,7.0,338,0.0,cws-009
2024-06-08 05:46:55,1970559302,1,-101.5,24.5,40,7.0,7.0,338,0.0,cws-009
2024-06-08 05:47:55,1970559302,1,-101.5,24.5,40,7.0,7.0,338,0.0,cws-009
2024-06-08 05:48:55,1970559302,1,-101.5,24.5,40,7.0,7.0,338,0.0,cws-009
2024-06-08 05:49:55,1970559302,1,-101.5,24.5,40,7.0,7.0,338,0.0,cws-009
2024-06-08 05:50:55,1970559302,1,-101.5,24.5,40,7.0,7.0,338,0.0,cws-009
2024-06-08 05:51:55,1970559302,1,-101.5,24.5,40,7.0,7.0,338,0.0,cws-009
2024-06-08 05:52:55,1970559302,1,-101.5,24.5,40,7.0,7.0,338,0.0,cws-009
2024-06-08 05:53:55,1970559302,1,-101.5,24.5,40,7.0,7.0,338,0.0,cws-009
2024-06-08 05:54:55,1970559302,1,-101.5,24.5,40,7.0,7.0,338,0.0,cws-009
2024-06-08 05:55:55,1970559302,1,-101.5,24.5,40,7.0,7.0,338,0.0,cws-009
2024-06-08 05:56:55,1970559302,1,-101.5,24.5,40,7.0,7.0,338,0.0,cws-009
2024-06-08 05:57:55,1970559302,1,-101.5,24.5,40,7.0,7.0,338,0.0,cws-009
2024-06-08 05:58:55,1970559302,1,-101.5,24.5,40,7.0,7.0,338,0.0,cws-009
2024-06-08 05:59:55,1970559302,1,-101.5,24.5,40,7.0,7.0,338,0.0,cws-009
2024-06-08 06:00:56,1970559302,1,-101.5,24.5,40,7.0,7.0,338,0.0,cws-009
2024-06-08 06:01:56,1970559302,1,-101.5,24.5,40,7.0,7.0,338,0.0,cws-009
2024-06-08 06:02:56,1970559302,1,-101.5,24.5,40,7.0,7.0,338,0.0,cws-009
2024-06-08 06:03:56,1970559302,1,-101.5,24.5,40,7.0,7.0,338,0.0,cws-009
2024-06-08 06:04:56,1970559302,1,-101.5,24.5,40,7.0,7.0,338,0.0,cws-009
2024-06-08 06:05:56,1970559302,1,-101.5,24.5,40,7.0,7.0,338,0.0,cws-009
2024-06-08 06:06:56,1970559302,1,-101.5,24.5,40,7.0,7.0,338,0.0,cws-009
2024-06-08 06:07:56,1970559302,1,-101.5,24.5,40,7.0,7.0,338,0.0,cws-009
2024-06-08 06:08:56,1970559302,1,-101.5,24.5,40,7.0,7.0,338,0.0,cws-009
2024-06-08 06:09:56,1970559302,1,-101.5,24.5,40,7.0,7.0,338,0.0,cws-009
2024-06-08 06:10:56,1970559302,1,-101.5,24.5,40,7.0,7.0,338,0.0,cws-009
2024-06-08 06:11:56,1970559302,1,-101.5,24.5,40,7.0,7.0,338,0.0,cws-009
2024-06-08 06:12:56,1970559302,1,-101.5,24.5,40,7.0,7.0,338,0.0,cws-009
2024-06-08 06:13:56,1970559302,1,-101.5,24.5,40,7.0,7.0,338,0.0,cws-009
2024-06-08 06:14:56,1970559302,1,-101.5,24.5,40,7.0,7.0,338,0.0,cws-009
2024-06-08 06:15:56,1970559302,1,-101.5,24.5,40,7.0,7.0,338,0.0,cws-009
2024-06-08 06:16:56,1970559302,1,-101.5,24.5,40,7.0,7.0,338,0.0,cws-009
2024-06-08 06:17:56,1970559302,1,-101.5,24.5,40,7.0,7.0,338,0.0,cws-009
2024-06-08 06:18:56,1970559302,1,-101.5,24.5,40,7.0,7.0,338,0.0,cws-009
2024-06-08 06:19:56,1970559302,1,-101.5,24.5,40,7.0,7.0,338,0.0,cws-009
2024-06-08 06:20:56,1970559302,1,-101.5,24.5,40,7.0,7.0,338,0.0,cws-009
2024-06-08 06:21:56,1970559302,1,-101.5,24.5,40,7.0,7.0,338,0.0,cws-009
2024-06-08 06:22:56,1970559302,1,-101.5,24.5,40,7.0,7.0,338,0.0,cws-009
2024-06-08 06:23:56,1970559302,1,-101.5,24.5,40,7.0,7.0,338,0.0,cws-009
2024-06-08 06:24:56,1970559302,1,-101.5,24.5,40,7.0,7.0,338,0.0,cws-009
2024-06-08 06:25:57,1970559302,1,-101.5,24.5,40,7.0,7.0,338,0.0,cws-009
2024-06-08 06:26:57,1970559302,1,-101.5,24.5,40,7.0,7.0,338,0.0,cws-009
2024-06-08 06:27:57,1970559302,1,-101.5,24.5,40,7.0,7.0,338,0.0,cws-009
2024-06-08 06:28:57,1970559302,1,-101.5,24.5,40,7.0,7.0,338,0.0,cws-009
2024-06-08 06:29:57,1970559302,1,-101.5,24.5,40,7.0,7.0,338,0.0,cws-009
2024-06-08 06:30:57,1970559302,1,-101.5,24.5,40,7.0,7.0,338,0.0,cws-009
2024-06-08 06:31:57,1970559302,1,-101.5,24.5,40,7.0,7.0,338,0.0,cws-009
2024-06-08 06:32:57,1970559302,1,-101.5,24.5,40,7.0,7.0,338,0.0,cws-009
2024-06-08 06:33:57,1970559302,1,-101.5,24.5,40,7.0,7.0,338,0.0,cws-009
2024-06-08 06:34:57,1970559302,1,-101.5,24.5,40,7.0,7.0,338,0.0,cws-009
2024-06-08 06:35:57,1970559302,1,-101.5,24.5,40,7.0,7.0,338,0.0,cws-009
2024-06-08 06:36:57,1970559302,1,-101.5,24.5,40,7.0,7.0,338,0.0,cws-009
2024-06-08 06:37:57,1970559302,1,-101.5,24.5,40,7.0,7.0,338,0.0,cws-009
2024-06-08 06:38:57,1970559302,1,-101.5,24.5,40,7.0,7.0,338,0.0,cws-009
2024-06-08 06:39:57,1970559302,1,-101.5,24.5,40,7.0,7.0,338,0.0,cws-009
2024-06-08 06:40:57,1970559302,1,-101.5,24.5,40,7.0,7.0,338,0.0,cws-009
2024-06-08 06:41:57,1970559302,1,-101.5,24.5,40,7.0,7.0,338,0.0,cws-009
2024-06-08 06:42:57,1970559302,1,-101.5,24.5,40,7.0,7.0,338,0.0,cws-009
2024-06-08 06:43:57,1970559302,1,-101.5,24.5,40,7.0,7.0,338,0.0,cws-009
2024-06-08 06:44:57,1970559302,1,-101.5,24.5,40,7.0,7.0,338,0.0,cws-009
2024-06-08 06:45:57,1970559302,1,-101.5,24.5,40,7.0,7.0,338,0.0,cws-009
2024-06-08 06:46:57,1970559302,1,-101.5,24.5,40,7.0,7.0,338,0.0,cws-009
2024-06-08 06:47:57,1970559302,1,-101.5,24.5,40,7.0,7.0,338,0.0,cws-009
2024-06-08 06:48:57,1970559302,0,-87.5,24.5,40,0.0,0.0,338,35.2,cws-009
2024-06-08 06:49:57,1970559302,1,-100.0,24.2,40,0.0,0.0,338,35.2,cws-009
2024-06-08 06:50:58,1970559302,1,-100.0,24.2,40,0.0,0.0,338,35.2,cws-009
2024-06-08 06:51:58,1970559302,1,-100.0,24.2,40,0.0,0.0,338,35.2,cws-009
2024-06-08 06:52:58,1970559302,1,-100.0,24.2,40,0.0,0.0,338,35.2,cws-009
2024-06-08 06:53:58,1970559302,1,-100.0,24.2,40,0.0,0.0,338,35.2,cws-009
2024-06-08 06:54:58,1970559302,1,-100.0,24.2,40,0.0,0.0,338,35.2,cws-009
2024-06-08 06:55:58,1970559302,1,-100.0,24.2,40,0.0,0.0,338,35.2,cws-009
2024-06-08 06:56:58,1970559302,1,-100.0,24.2,40,0.0,0.0,338,35.2,cws-009
2024-06-08 06:57:58,1970559302,1,-100.0,24.2,40,0.0,0.0,338,35.2,cws-009
2024-06-08 06:58:58,1970559302,1,-100.0,24.2,40,0.0,0.0,338,35.2,cws-009
2024-06-08 06:59:58,1970559302,1,-100.0,24.2,40,0.0,0.0,338,35.2,cws-009
2024-06-08 07:00:58,1970559302,1,-100.0,24.2,40,0.0,0.0,338,35.2,cws-009
2024-06-08 07:01:58,1970559302,1,-100.0,24.2,40,0.0,0.0,338,35.2,cws-009
2024-06-08 07:02:58,1970559302,1,-100.0,24.2,40,0.0,0.0,338,35.2,cws-009
2024-06-08 07:03:58,1970559302,1,-100.0,24.2,40,0.0,0.0,338,35.2,cws-009
2024-06-08 07:04:58,1970559302,1,-100.0,24.2,40,0.0,0.0,338,35.2,cws-009
2024-06-08 07:05:58,1970559302,1,-100.0,24.2,40,0.0,0.0,338,35.2,cws-009
2024-06-08 07:06:58,1970559302,1,-100.0,24.2,40,0.0,0.0,338,35.2,cws-009
2024-06-08 07:07:58,1970559302,1,-100.0,24.2,40,0.0,0.0,338,35.2,cws-009
2024-06-08 07:08:58,1970559302,1,-100.0,24.2,40,0.0,0.0,338,35.2,cws-009
2024-06-08 07:09:58,1970559302,1,-100.0,24.2,40,0.0,0.0,338,35.2,cws-009
2024-06-08 07:10:58,1970559302,1,-100.0,24.2,40,0.0,0.0,338,35.2,cws-009
2024-06-08 07:11:58,1970559302,1,-100.0,24.2,40,0.0,0.0,338,35.2,cws-009
2024-06-08 07:12:58,1970559302,1,-100.0,24.2,40,0.0,0.0,338,35.2,cws-009
2024-06-08 07:13:58,1970559302,0,-96.0,24.2,40,7.0,7.0,315,35.2,cws-009
2024-06-08 07:14:58,1970559302,0,-96.0,24.2,40,7.0,7.0,315,35.2,cws-009
2024-06-08 07:15:58,1970559302,0,-96.0,24.2,40,7.0,7.0,315,35.2,cws-009
2024-06-08 07:16:58,1970559302,0,-96.0,24.2,40,7.0,7.0,315,35.2,cws-009
2024-06-08 07:17:58,1970559302,0,-96.0,24.2,40,7.0,7.0,315,35.2,cws-009
2024-06-08 07:18:58,1970559302,0,-96.0,24.2,40,7.0,7.0,315,35.2,cws-009
2024-06-08 07:19:59,1970559302,0,-96.0,24.2,40,7.0,7.0,315,35.2,cws-009
2024-06-08 07:20:59,1970559302,0,-96.0,24.2,40,7.0,7.0,315,35.2,cws-009
2024-06-08 07:21:59,1970559302,0,-96.0,24.2,40,7.0,7.0,315,35.2,cws-009
2024-06-08 07:22:59,1970559302,0,-96.0,24.2,40,7.0,7.0,315,35.2,cws-009
2024-06-08 07:23:59,1970559302,0,-96.0,24.2,40,7.0,7.0,315,35.2,cws-009
2024-06-08 07:24:59,1970559302,0,-96.0,24.2,40,7.0,7.0,315,35.2,cws-009
2024-06-08 07:25:59,1970559302,0,-96.0,24.2,40,7.0,7.0,315,35.2,cws-009
2024-06-08 07:26:59,1970559302,0,-96.0,24.2,40,7.0,7.0,315,35.2,cws-009
2024-06-08 07:27:59,1970559302,0,-96.0,24.2,40,7.0,7.0,315,35.2,cws-009
2024-06-08 07:28:59,1970559302,0,-96.0,24.2,40,7.0,7.0,315,35.2,cws-009
2024-06-08 07:29:59,1970559302,0,-96.0,24.2,40,7.0,7.0,315,35.2,cws-009
2024-06-08 07:30:59,1970559302,0,-96.0,24.2,40,7.0,7.0,315,35.2,cws-009
2024-06-08 07:31:59,1970559302,0,-96.0,24.2,40,7.0,7.0,315,35.2,cws-009
2024-06-08 07:32:59,1970559302,0,-96.0,24.2,40,7.0,7.0,315,35.2,cws-009
2024-06-08 07:33:59,1970559302,0,-96.0,24.2,40,7.0,7.0,315,35.2,cws-009
2024-06-08 07:34:59,1970559302,0,-96.0,24.2,40,7.0,7.0,315,35.2,cws-009
2024-06-08 07:35:59,1970559302,0,-96.0,24.2,40,7.0,7.0,315,35.2,cws-009
2024-06-08 07:36:59,1970559302,0,-96.0,24.2,40,7.0,7.0,315,35.2,cws-009
2024-06-08 07:37:59,1970559302,0,-96.0,24.2,40,7.0,7.0,315,35.2,cws-009
2024-06-08 07:38:59,1970559302,0,-96.0,24.2,40,7.0,7.0,315,35.2,cws-009
2024-06-08 07:39:59,1970559302,0,-96.0,24.2,40,7.0,7.0,315,35.2,cws-009
2024-06-08 07:40:59,1970559302,0,-96.0,24.2,40,7.0,7.0,315,35.2,cws-009
2024-06-08 07:41:59,1970559302,0,-96.0,24.2,40,7.0,7.0,315,35.2,cws-009
2024-06-08 07:42:59,1970559302,0,-96.0,24.2,40,7.0,7.0,315,35.2,cws-009
2024-06-08 07:43:59,1970559302,0,-96.0,24.2,40,7.0,7.0,315,35.2,cws-009
2024-06-08 07:44:59,1970559302,0,-96.0,24.2,40,7.0,7.0,315,35.2,cws-009
2024-06-08 07:45:59,1970559302,0,-96.0,24.2,40,7.0,7.0,315,35.2,cws-009
2024-06-08 07:46:59,1970559302,0,-96.0,24.2,40,7.0,7.0,315,35.2,cws-009
2024-06-08 07:47:59,1970559302,0,-96.0,24.2,40,7.0,7.0,315,35.2,cws-009
2024-06-08 07:48:59,1970559302,0,-96.0,24.2,40,7.0,7.0,315,35.2,cws-009
2024-06-08 07:49:59,1970559302,0,-96.0,24.2,40,7.0,7.0,315,35.2,cws-009
2024-06-08 07:50:59,1970559302,0,-96.0,24.2,40,7.0,7.0,315,35.2,cws-009
2024-06-08 07:51:59,1970559302,0,-96.0,24.2,40,7.0,7.0,315,35.2,cws-009
2024-06-08 07:53:00,1970559302,0,-96.0,24.2,40,7.0,7.0,315,35.2,cws-009
2024-06-08 07:54:00,1970559302,0,-96.0,24.2,40,7.0,7.0,315,35.2,cws-009
2024-06-08 07:55:00,1970559302,0,-96.0,24.2,40,7.0,7.0,315,35.2,cws-009
2024-06-08 07:56:00,1970559302,0,-96.0,24.2,40,7.0,7.0,315,35.2,cws-009
2024-06-08 07:57:00,1970559302,0,-96.0,24.2,40,7.0,7.0,315,35.2,cws-009
2024-06-08 07:58:00,1970559302,0,-96.0,24.2,40,7.0,7.0,315,35.2,cws-009
2024-06-08 07:59:00,1970559302,0,-96.0,24.2,40,7.0,7.0,315,35.2,cws-009
2024-06-08 08:00:00,1970559302,0,-96.0,24.2,40,7.0,7.0,315,35.2,cws-009
2024-06-08 08:01:00,1970559302,0,-96.0,24.2,40,7.0,7.0,315,35.2,cws-009
2024-06-08 08:02:00,1970559302,0,-96.0,24.2,40,7.0,7.0,315,35.2,cws-009
2024-06-08 08:03:00,1970559302,0,-96.0,24.2,40,7.0,7.0,315,35.2,cws-009
2024-06-08 08:04:00,1970559302,0,-96.0,24.2,40,7.0,7.0,315,35.2,cws-009
2024-06-08 08:05:00,1970559302,0,-96.0,24.2,40,7.0,7.0,315,35.2,cws-009
2024-06-08 08:06:00,1970559302,0,-96.0,24.2,40,7.0,7.0,315,35.2,cws-009
2024-06-08 08:07:00,1970559302,0,-96.0,24.2,40,7.0,7.0,315,35.2,cws-009
2024-06-08 08:08:00,1970559302,0,-96.0,24.2,40,7.0,7.0,315,35.2,cws-009
2024-06-08 08:09:00,1970559302,0,-96.0,24.2,40,7.0,7.0,315,35.2,cws-009
2024-06-08 08:10:00,1970559302,0,-96.0,24.2,40,7.0,7.0,315,35.2,cws-009
2024-06-08 08:11:00,1970559302,0,-96.0,24.2,40,7.0,7.0,315,35.2,cws-009
2024-06-08 08:12:00,1970559302,0,-96.0,24.2,40,7.0,7.0,315,35.2,cws-009
2024-06-08 08:13:00,1970559302,0,-96.0,24.2,40,7.0,7.0,315,35.2,cws-009
2024-06-08 08:14:00,1970559302,0,-96.0,24.2,40,7.0,7.0,315,35.2,cws-009
2024-06-08 08:15:00,1970559302,0,-96.0,24.2,40,7.0,7.0,315,35.2,cws-009
2024-06-08 08:16:00,1970559302,0,-96.0,24.2,40,7.0,7.0,315,35.2,cws-009
2024-06-08 08:17:00,1970559302,0,-96.0,24.2,40,7.0,7.0,315,35.2,cws-009
2024-06-08 08:18:00,1970559302,0,-96.0,24.2,40,7.0,7.0,315,35.2,cws-009
2024-06-08 08:19:00,1970559302,0,-96.0,24.2,40,7.0,7.0,315,35.2,cws-009
2024-06-08 08:20:00,1970559302,0,-96.0,24.2,40,7.0,7.0,315,35.2,cws-009
2024-06-08 08:21:00,1970559302,0,-96.0,24.2,40,7.0,7.0,315,35.2,cws-009
2024-06-08 08:22:00,1970559302,0,-96.0,24.2,40,7.0,7.0,315,35.2,cws-009
2024-06-08 08:23:00,1970559302,0,-96.0,24.2,40,7.0,7.0,315,35.2,cws-009
2024-06-08 08:24:00,1970559302,0,-96.0,24.2,40,7.0,7.0,315,35.2,cws-009
2024-06-08 08:25:00,1970559302,0,-96.0,24.2,40,7.0,7.0,315,35.2,cws-009
2024-06-08 08:26:00,1970559302,0,-96.0,24.2,40,7.0,7.0,315,35.2,cws-009
2024-06-08 08:27:00,1970559302,0,-96.0,24.2,40,7.0,7.0,315,35.2,cws-009
2024-06-08 08:28:01,1970559302,0,-96.0,24.2,40,7.0,7.0,315,35.2,cws-009
2024-06-08 08:29:01,1970559302,0,-96.0,24.2,40,7.0,7.0,315,35.2,cws-009
2024-06-08 08:30:01,1970559302,0,-96.0,24.2,40,7.0,7.0,315,35.2,cws-009
2024-06-08 08:31:01,1970559302,0,-96.0,24.2,40,7.0,7.0,315,35.2,cws-009
2024-06-08 08:32:01,1970559302,0,-96.0,24.2,40,7.0,7.0,315,35.2,cws-009
2024-06-08 08:33:01,1970559302,0,-96.0,24.2,40,7.0,7.0,315,35.2,cws-009
2024-06-08 08:34:01,1970559302,0,-96.0,24.2,40,7.0,7.0,315,35.2,cws-009
2024-06-08 08:35:01,1970559302,0,-96.0,24.2,40,7.0,7.0,315,35.2,cws-009
2024-06-08 08:36:01,1970559302,0,-96.0,24.2,40,7.0,7.0,315,35.2,cws-009
2024-06-08 08:37:01,1970559302,0,-96.0,24.2,40,7.0,7.0,315,35.2,cws-009
2024-06-08 08:38:01,1970559302,0,-96.0,24.2,40,7.0,7.0,315,35.2,cws-009
2024-06-08 08:39:01,1970559302,0,-96.0,24.2,40,7.0,7.0,315,35.2,cws-009
2024-06-08 08:40:01,1970559302,0,-96.0,24.2,40,7.0,7.0,315,35.2,cws-009
2024-06-08 08:41:01,1970559302,0,-96.0,24.2,40,7.0,7.0,315,35.2,cws-009
2024-06-08 08:42:01,1970559302,0,-96.0,24.2,40,7.0,7.0,315,35.2,cws-009
2024-06-08 08:43:01,1970559302,0,-96.0,24.2,40,7.0,7.0,315,35.2,cws-009
2024-06-08 08:44:01,1970559302,0,-96.0,24.2,40,7.0,7.0,315,35.2,cws-009
2024-06-08 08:45:01,1970559302,0,-96.0,24.2,40,7.0,7.0,315,35.2,cws-009
2024-06-08 08:46:01,1970559302,0,-96.0,24.2,40,7.0,7.0,315,35.2,cws-009
2024-06-08 08:47:01,1970559302,0,-96.0,24.2,40,7.0,7.0,315,35.2,cws-009
2024-06-08 08:48:01,1970559302,0,-96.0,24.2,40,7.0,7.0,315,35.2,cws-009
2024-06-08 08:49:01,1970559302,0,-96.0,24.2,40,7.0,7.0,315,35.2,cws-009
2024-06-08 08:50:01,1970559302,0,-96.0,24.2,40,7.0,7.0,315,35.2,cws-009
2024-06-08 08:51:01,1970559302,0,-96.0,24.2,40,7.0,7.0,315,35.2,cws-009
2024-06-08 08:52:01,1970559302,0,-96.0,24.2,40,7.0,7.0,315,35.2,cws-009
2024-06-08 08:53:01,1970559302,0,-96.0,24.2,40,7.0,7.0,315,35.2,cws-009
2024-06-08 08:54:01,1970559302,0,-96.0,24.2,40,7.0,7.0,315,35.2,cws-009
2024-06-08 08:55:01,1970559302,0,-96.0,24.2,40,7.0,7.0,315,35.2,cws-009
2024-06-08 08:56:01,1970559302,0,-96.0,24.2,40,7.0,7.0,315,35.2,cws-009
2024-06-08 08:57:01,1970559302,0,-96.0,24.2,40,7.0,7.0,315,35.2,cws-009
2024-06-08 08:58:01,1970559302,0,-96.0,24.2,40,7.0,7.0,315,35.2,cws-009
2024-06-08 08:59:01,1970559302,0,-96.0,24.2,40,7.0,7.0,315,35.2,cws-009
2024-06-08 09:00:01,1970559302,0,-96.0,24.2,40,7.0,7.0,315,35.2,cws-009
2024-06-08 09:01:01,1970559302,0,-96.0,24.2,40,7.0,7.0,315,35.2,cws-009
2024-06-08 09:02:01,1970559302,0,-96.0,24.2,40,7.0,7.0,315,35.2,cws-009
2024-06-08 09:03:01,1970559302,0,-96.0,24.2,40,7.0,7.0,315,35.2,cws-009
2024-06-08 09:04:02,1970559302,0,-96.0,24.2,40,7.0,7.0,315,35.2,cws-009
2024-06-08 09:05:02,1970559302,0,-96.0,24.2,40,7.0,7.0,315,35.2,cws-009
2024-06-08 09:06:02,1970559302,0,-96.0,24.2,40,7.0,7.0,315,35.2,cws-009
2024-06-08 09:07:02,1970559302,0,-96.0,24.2,40,7.0,7.0,315,35.2,cws-009
2024-06-08 09:08:02,1970559302,0,-96.0,24.2,40,7.0,7.0,315,35.2,cws-009
2024-06-08 09:09:02,1970559302,0,-96.0,24.2,40,7.0,7.0,315,35.2,cws-009
2024-06-08 09:10:02,1970559302,0,-96.0,24.2,40,7.0,7.0,315,35.2,cws-009
2024-06-08 09:11:02,1970559302,0,-96.0,24.2,40,7.0,7.0,315,35.2,cws-009
2024-06-08 09:12:02,1970559302,0,-96.0,24.2,40,7.0,7.0,315,35.2,cws-009
2024-06-08 09:13:02,1970559302,0,-96.0,24.2,40,7.0,7.0,315,35.2,cws-009
2024-06-08 09:14:02,1970559302,0,-96.0,24.2,40,7.0,7.0,315,35.2,cws-009
2024-06-08 09:15:02,1970559302,0,-96.0,24.2,40,7.0,7.0,315,35.2,cws-009
2024-06-08 09:16:02,1970559302,0,-96.0,24.2,40,7.0,7.0,315,35.2,cws-009
2024-06-08 09:17:02,1970559302,0,-96.0,24.2,40,7.0,7.0,315,35.2,cws-009
2024-06-08 09:18:02,1970559302,0,-96.0,24.2,40,7.0,7.0,315,35.2,cws-009
2024-06-08 09:19:02,1970559302,0,-96.0,24.2,40,7.0,7.0,315,35.2,cws-009
2024-06-08 09:20:02,1970559302,0,-96.0,24.2,40,7.0,7.0,315,35.2,cws-009
2024-06-08 09:21:02,1970559302,0,-96.0,24.2,40,7.0,7.0,315,35.2,cws-009
2024-06-08 09:22:02,1970559302,0,-96.0,24.2,40,7.0,7.0,315,35.2,cws-009
2024-06-08 09:23:02,1970559302,0,-96.0,24.2,40,7.0,7.0,315,35.2,cws-009
2024-06-08 09:24:02,1970559302,0,-96.0,24.2,40,7.0,7.0,315,35.2,cws-009
2024-06-08 09:25:02,1970559302,0,-96.0,24.2,40,7.0,7.0,315,35.2,cws-009
2024-06-08 09:26:02,1970559302,0,-96.0,24.2,40,7.0,7.0,315,35.2,cws-009
2024-06-08 09:27:02,1970559302,0,-96.0,24.2,40,7.0,7.0,315,35.2,cws-009
2024-06-08 09:28:02,1970559302,0,-96.0,24.2,40,7.0,7.0,315,35.2,cws-009
2024-06-08 09:29:02,1970559302,0,-96.0,24.2,40,7.0,7.0,315,35.2,cws-009
2024-06-08 09:30:02,1970559302,0,-96.0,24.2,40,7.0,7.0,315,35.2,cws-009
2024-06-08 09:31:02,1970559302,0,-96.0,24.2,40,7.0,7.0,315,35.2,cws-009
2024-06-08 09:32:02,1970559302,0,-96.0,24.2,40,7.0,7.0,315,35.2,cws-009
2024-06-08 09:33:02,1970559302,0,-96.0,24.2,40,7.0,7.0,315,35.2,cws-009
2024-06-08 09:34:02,1970559302,0,-96.0,24.2,40,7.0,7.0,315,35.2,cws-009
2024-06-08 09:35:02,1970559302,0,-96.0,24.2,40,7.0,7.0,315,35.2,cws-009
2024-06-08 09:36:02,1970559302,0,-96.0,24.2,40,7.0,7.0,315,35.2,cws-009
2024-06-08 09:37:02,1970559302,0,-96.0,24.2,40,7.0,7.0,315,35.2,cws-009
2024-06-08 09:38:02,1970559302,0,-96.0,24.2,40,7.0,7.0,315,35.2,cws-009
2024-06-08 09:39:03,1970559302,0,-96.0,24.2,40,7.0,7.0,315,35.2,cws-009
2024-06-08 09:40:03,1970559302,0,-96.0,24.2,40,7.0,7.0,315,35.2,cws-009
2024-06-08 09:41:03,1970559302,0,-96.0,24.2,40,7.0,7.0,315,35.2,cws-009
2024-06-08 09:42:03,1970559302,0,-96.0,24.2,40,7.0,7.0,315,35.2,cws-009
2024-06-08 09:43:03,1970559302,0,-96.0,24.2,40,7.0,7.0,315,35.2,cws-009
2024-06-08 09:44:03,1970559302,0,-96.0,24.2,40,7.0,7.0,315,35.2,cws-009
2024-06-08 09:45:03,1970559302,0,-96.0,24.2,40,7.0,7.0,315,35.2,cws-009
2024-06-08 09:46:03,1970559302,0,-96.0,24.2,40,7.0,7.0,315,35.2,cws-009
2024-06-08 09:47:03,1970559302,0,-96.0,24.2,40,7.0,7.0,315,35.2,cws-009
2024-06-08 09:48:03,1970559302,0,-96.0,24.2,40,7.0,7.0,315,35.2,cws-009
2024-06-08 09:49:03,1970559302,0,-96.0,24.2,40,7.0,7.0,315,35.2,cws-009
2024-06-08 09:50:03,1970559302,0,-96.0,24.2,40,7.0,7.0,315,35.2,cws-009
2024-06-08 09:51:03,1970559302,0,-96.0,24.2,40,7.0,7.0,315,35.2,cws-009
2024-06-08 09:52:03,1970559302,0,-96.0,24.2,40,7.0,7.0,315,35.2,cws-009
2024-06-08 09:53:03,1970559302,0,-96.0,24.2,40,7.0,7.0,315,35.2,cws-009
2024-06-08 09:54:03,1970559302,0,-96.0,24.2,40,7.0,7.0,315,35.2,cws-009
2024-06-08 09:55:03,1970559302,0,-96.0,24.2,40,7.0,7.0,315,35.2,cws-009
2024-06-08 09:56:03,1970559302,0,-96.0,24.2,40,7.0,7.0,315,35.2,cws-009
2024-06-08 09:57:03,1970559302,0,-96.0,24.2,40,7.0,7.0,315,35.2,cws-009
2024-06-08 09:58:03,1970559302,0,-96.0,24.2,40,7.0,7.0,315,35.2,cws-009
2024-06-08 09:59:03,1970559302,0,-96.0,24.2,40,7.0,7.0,315,35.2,cws-009
2024-06-08 10:00:03,1970559302,0,-96.0,24.2,40,7.0,7.0,315,35.2,cws-009
2024-06-08 10:01:03,1970559302,0,-96.0,24.2,40,7.0,7.0,315,35.2,cws-009
2024-06-08 10:02:03,1970559302,0,-96.0,24.2,40,7.0,7.0,315,35.2,cws-009
2024-06-08 10:03:03,1970559302,0,-96.0,24.2,40,7.0,7.0,315,35.2,cws-009
2024-06-08 10:04:03,1970559302,0,-96.0,24.2,40,7.0,7.0,315,35.2,cws-009
2024-06-08 10:05:03,1970559302,0,-96.0,24.2,40,7.0,7.0,315,35.2,cws-009
2024-06-08 10:06:03,1970559302,0,-96.0,24.2,40,7.0,7.0,315,35.2,cws-009
2024-06-08 10:07:03,1970559302,0,-96.0,24.2,40,7.0,7.0,315,35.2,cws-009
2024-06-08 10:08:03,1970559302,0,-96.0,24.2,40,7.0,7.0,315,35.2,cws-009
2024-06-08 10:09:03,1970559302,0,-96.0,24.2,40,7.0,7.0,315,35.2,cws-009
2024-06-08 10:10:03,1970559302,0,-96.0,24.2,40,7.0,7.0,315,35.2,cws-009
2024-06-08 10:11:03,1970559302,0,-96.0,24.2,40,7.0,7.0,315,35.2,cws-009
2024-06-08 10:12:03,1970559302,0,-96.0,24.2,40,7.0,7.0,315,35.2,cws-009
2024-06-08 10:13:03,1970559302,0,-96.0,24.2,40,7.0,7.0,315,35.2,cws-009
2024-06-08 10:14:03,1970559302,0,-96.0,24.2,40,7.0,7.0,315,35.2,cws-009
2024-06-08 10:15:04,1970559302,0,-96.0,24.2,40,7.0,7.0,315,35.2,cws-009
2024-06-08 10:16:04,1970559302,0,-96.0,24.2,40,7.0,7.0,315,35.2,cws-009
2024-06-08 10:17:04,1970559302,0,-96.0,24.2,40,7.0,7.0,315,35.2,cws-009
2024-06-08 10:18:04,1970559302,0,-96.0,24.2,40,7.0,7.0,315,35.2,cws-009
2024-06-08 10:19:04,1970559302,0,-96.0,24.2,40,7.0,7.0,315,35.2,cws-009
2024-06-08 10:20:04,1970559302,0,-96.0,24.2,40,7.0,7.0,315,35.2,cws-009
2024-06-08 10:21:04,1970559302,0,-96.0,24.2,40,7.0,7.0,315,35.2,cws-009
2024-06-08 10:22:04,1970559302,0,-96.0,24.2,40,7.0,7.0,315,35.2,cws-009
2024-06-08 10:23:04,1970559302,0,-96.0,24.2,40,7.0,7.0,315,35.2,cws-009
2024-06-08 10:24:04,1970559302,0,-96.0,24.2,40,7.0,7.0,315,35.2,cws-009
2024-06-08 10:25:04,1970559302,0,-96.0,24.2,40,7.0,7.0,315,35.2,cws-009
2024-06-08 10:26:04,1970559302,0,-96.0,24.2,40,7.0,7.0,315,35.2,cws-009
2024-06-08 10:27:04,1970559302,0,-96.0,24.2,40,7.0,7.0,315,35.2,cws-009
2024-06-08 10:28:04,1970559302,0,-96.0,24.2,40,7.0,7.0,315,35.2,cws-009
2024-06-08 10:29:04,1970559302,0,-96.0,24.2,40,7.0,7.0,315,35.2,cws-009
2024-06-08 10:30:04,1970559302,0,-96.0,24.2,40,7.0,7.0,315,35.2,cws-009
2024-06-08 10:31:04,1970559302,0,-96.0,24.2,40,7.0,7.0,315,35.2,cws-009
2024-06-08 10:32:04,1970559302,0,-96.0,24.2,40,7.0,7.0,315,35.2,cws-009
2024-06-08 10:33:04,1970559302,0,-96.0,24.2,40,7.0,7.0,315,35.2,cws-009
2024-06-08 10:34:04,1970559302,0,-96.0,24.2,40,7.0,7.0,315,35.2,cws-009
2024-06-08 10:35:04,1970559302,0,-96.0,24.2,40,7.0,7.0,315,35.2,cws-009
2024-06-08 10:36:04,1970559302,0,-96.0,24.2,40,7.0,7.0,315,35.2,cws-009
2024-06-08 10:37:04,1970559302,0,-96.0,24.2,40,7.0,7.0,315,35.2,cws-009
2024-06-08 10:38:04,1970559302,0,-96.0,24.2,40,7.0,7.0,315,35.2,cws-009
2024-06-08 10:39:04,1970559302,0,-96.0,24.2,40,7.0,7.0,315,35.2,cws-009
2024-06-08 10:40:04,1970559302,0,-96.0,24.2,40,7.0,7.0,315,35.2,cws-009
2024-06-08 10:41:04,1970559302,0,-96.0,24.2,40,7.0,7.0,315,35.2,cws-009
2024-06-08 10:42:04,1970559302,0,-96.0,24.2,40,7.0,7.0,315,35.2,cws-009
2024-06-08 10:43:04,1970559302,0,-96.0,24.2,40,7.0,7.0,315,35.2,cws-009
2024-06-08 10:44:04,1970559302,0,-96.0,24.2,40,7.0,7.0,315,35.2,cws-009
2024-06-08 10:45:04,1970559302,0,-96.0,24.2,40,7.0,7.0,315,35.2,cws-009
2024-06-08 10:46:04,1970559302,0,-96.0,24.2,40,7.0,7.0,315,35.2,cws-009
2024-06-08 10:47:04,1970559302,0,-96.0,24.2,40,7.0,7.0,315,35.2,cws-009
2024-06-08 10:48:04,1970559302,0,-96.0,24.2,40,7.0,7.0,315,35.2,cws-009
2024-06-08 10:49:04,1970559302,0,-96.0,24.2,40,7.0,7.0,315,35.2,cws-009
2024-06-08 10:50:04,1970559302,0,-96.0,24.2,40,7.0,7.0,315,35.2,cws-009
2024-06-08 10:51:05,1970559302,0,-96.0,24.2,40,7.0,7.0,315,35.2,cws-009
2024-06-08 10:52:05,1970559302,0,-96.0,24.2,40,7.0,7.0,315,35.2,cws-009
2024-06-08 10:53:05,1970559302,0,-96.0,24.2,40,7.0,7.0,315,35.2,cws-009
2024-06-08 10:54:05,1970559302,0,-96.0,24.2,40,7.0,7.0,315,35.2,cws-009
2024-06-08 10:55:05,1970559302,0,-96.0,24.2,40,7.0,7.0,315,35.2,cws-009
2024-06-08 10:56:05,1970559302,0,-96.0,24.2,40,7.0,7.0,315,35.2,cws-009
2024-06-08 10:57:05,1970559302,0,-96.0,24.2,40,7.0,7.0,315,35.2,cws-009
2024-06-08 10:58:05,1970559302,0,-96.0,24.2,40,7.0,7.0,315,35.2,cws-009
2024-06-08 10:59:05,1970559302,0,-96.0,24.2,40,7.0,7.0,315,35.2,cws-009
2024-06-08 11:00:05,1970559302,0,-96.0,24.2,40,7.0,7.0,315,35.2,cws-009
2024-06-08 11:01:05,1970559302,0,-96.0,24.2,40,7.0,7.0,315,35.2,cws-009
2024-06-08 11:02:05,1970559302,0,-96.0,24.2,40,7.0,7.0,315,35.2,cws-009
2024-06-08 11:03:05,1970559302,0,-96.0,24.2,40,7.0,7.0,315,35.2,cws-009
2024-06-08 11:04:05,1970559302,0,-96.0,24.2,40,7.0,7.0,315,35.2,cws-009
2024-06-08 11:05:05,1970559302,0,-96.0,24.2,40,7.0,7.0,315,35.2,cws-009
2024-06-08 11:06:05,1970559302,0,-96.0,24.2,40,7.0,7.0,315,35.2,cws-009
2024-06-08 11:07:05,1970559302,0,-96.0,24.2,40,7.0,7.0,315,35.2,cws-009
2024-06-08 11:08:05,1970559302,0,-96.0,24.2,40,7.0,7.0,315,35.2,cws-009
2024-06-08 11:09:05,1970559302,0,-96.0,24.2,40,7.0,7.0,315,35.2,cws-009
2024-06-08 11:10:05,1970559302,0,-96.0,24.2,40,7.0,7.0,315,35.2,cws-009
2024-06-08 11:11:05,1970559302,0,-96.0,24.2,40,7.0,7.0,315,35.2,cws-009
2024-06-08 11:12:05,1970559302,0,-96.0,24.2,40,7.0,7.0,315,35.2,cws-009
2024-06-08 11:13:05,1970559302,0,-96.0,24.2,40,7.0,7.0,315,35.2,cws-009
2024-06-08 11:14:05,1970559302,0,-96.0,24.2,40,7.0,7.0,315,35.2,cws-009
2024-06-08 11:15:05,1970559302,0,-96.0,24.2,40,7.0,7.0,315,35.2,cws-009
2024-06-08 11:16:05,1970559302,0,-96.0,24.2,40,7.0,7.0,315,35.2,cws-009
2024-06-08 11:17:05,1970559302,0,-96.0,24.2,40,7.0,7.0,315,35.2,cws-009
2024-06-08 11:18:05,1970559302,0,-96.0,24.2,40,7.0,7.0,315,35.2,cws-009
2024-06-08 11:19:05,1970559302,0,-96.0,24.2,40,7.0,7.0,315,35.2,cws-009
2024-06-08 11:20:05,1970559302,0,-96.0,24.2,40,7.0,7.0,315,35.2,cws-009
2024-06-08 11:21:05,1970559302,0,-96.0,24.2,40,7.0,7.0,315,35.2,cws-009
2024-06-08 11:22:05,1970559302,0,-96.0,24.2,40,7.0,7.0,315,35.2,cws-009
2024-06-08 11:23:05,1970559302,0,-96.0,24.2,40,7.0,7.0,315,35.2,cws-009
2024-06-08 11:24:05,1970559302,0,-96.0,24.2,40,7.0,7.0,315,35.2,cws-009
2024-06-08 11:25:05,1970559302,0,-96.0,24.2,40,7.0,7.0,315,35.2,cws-009
2024-06-08 11:26:05,1970559302,0,-96.0,24.2,40,7.0,7.0,315,35.2,cws-009
2024-06-08 11:27:06,1970559302,0,-96.0,24.2,40,7.0,7.0,315,35.2,cws-009
2024-06-08 11:28:06,1970559302,0,-96.0,24.2,40,7.0,7.0,315,35.2,cws-009
2024-06-08 11:29:06,1970559302,0,-96.0,24.2,40,7.0,7.0,315,35.2,cws-009
2024-06-08 11:30:06,1970559302,0,-96.0,24.2,40,7.0,7.0,315,35.2,cws-009
2024-06-08 11:31:06,1970559302,0,-96.0,24.2,40,7.0,7.0,315,35.2,cws-009
2024-06-08 11:32:06,1970559302,0,-96.0,24.2,40,7.0,7.0,315,35.2,cws-009
2024-06-08 11:33:06,1970559302,0,-96.0,24.2,40,7.0,7.0,315,35.2,cws-009
2024-06-08 11:34:06,1970559302,0,-96.0,24.2,40,7.0,7.0,315,35.2,cws-009
2024-06-08 11:35:06,1970559302,0,-96.0,24.2,40,7.0,7.0,315,35.2,cws-009
2024-06-08 11:36:06,1970559302,0,-96.0,24.2,40,7.0,7.0,315,35.2,cws-009
2024-06-08 11:37:06,1970559302,0,-96.0,24.2,40,7.0,7.0,315,35.2,cws-009
2024-06-08 11:38:06,1970559302,0,-96.0,24.2,40,7.0,7.0,315,35.2,cws-009
2024-06-08 11:39:06,1970559302,0,-96.0,24.2,40,7.0,7.0,315,35.2,cws-009
2024-06-08 11:40:06,1970559302,0,-96.0,24.2,40,7.0,7.0,315,35.2,cws-009
2024-06-08 11:41:06,1970559302,0,-96.0,24.2,40,7.0,7.0,315,35.2,cws-009
2024-06-08 11:42:06,1970559302,0,-96.0,24.2,40,7.0,7.0,315,35.2,cws-009
2024-06-08 11:43:06,1970559302,0,-96.0,24.2,40,7.0,7.0,315,35.2,cws-009
2024-06-08 11:44:06,1970559302,0,-96.0,24.2,40,7.0,7.0,315,35.2,cws-009
2024-06-08 11:45:06,1970559302,0,-96.0,24.2,40,7.0,7.0,315,35.2,cws-009
2024-06-08 11:46:06,1970559302,0,-96.0,24.2,40,7.0,7.0,315,35.2,cws-009
2024-06-08 11:47:06,1970559302,0,-96.0,24.2,40,7.0,7.0,315,35.2,cws-009
2024-06-08 11:48:06,1970559302,0,-96.0,24.2,40,7.0,7.0,315,35.2,cws-009
2024-06-08 11:49:06,1970559302,0,-96.0,24.2,40,7.0,7.0,315,35.2,cws-009
2024-06-08 11:50:06,1970559302,0,-96.0,24.2,40,7.0,7.0,315,35.2,cws-009
2024-06-08 11:51:06,1970559302,0,-96.0,24.2,40,7.0,7.0,315,35.2,cws-009
2024-06-08 11:52:06,1970559302,0,-96.0,24.2,40,7.0,7.0,315,35.2,cws-009
2024-06-08 11:53:06,1970559302,0,-96.0,24.2,40,7.0,7.0,315,35.2,cws-009
2024-06-08 11:54:06,1970559302,0,-96.0,24.2,40,7.0,7.0,315,35.2,cws-009
2024-06-08 11:55:06,1970559302,0,-96.0,24.2,40,7.0,7.0,315,35.2,cws-009
2024-06-08 11:56:06,1970559302,0,-96.0,24.2,40,7.0,7.0,315,35.2,cws-009
2024-06-08 11:57:06,1970559302,0,-96.0,24.2,40,7.0,7.0,315,35.2,cws-009
2024-06-08 11:58:06,1970559302,0,-96.0,24.2,40,7.0,7.0,315,35.2,cws-009
2024-06-08 11:59:06,1970559302,0,-96.0,24.2,40,7.0,7.0,315,35.2,cws-009
2024-06-08 12:00:06,1970559302,0,-96.0,24.2,40,7.0,7.0,315,35.2,cws-009
2024-06-08 12:01:06,1970559302,0,-96.0,24.2,40,7.0,7.0,315,35.2,cws-009
2024-06-08 12:02:07,1970559302,0,-96.0,24.2,40,7.0,7.0,315,35.2,cws-009
2024-06-08 12:03:07,1970559302,0,-96.0,24.2,40,7.0,7.0,315,35.2,cws-009
2024-06-08 12:04:07,1970559302,0,-96.0,24.2,40,7.0,7.0,315,35.2,cws-009
2024-06-08 12:05:07,1970559302,0,-96.0,24.2,40,7.0,7.0,315,35.2,cws-009
2024-06-08 12:06:07,1970559302,0,-96.0,24.2,40,7.0,7.0,315,35.2,cws-009
2024-06-08 12:07:07,1970559302,0,-96.0,24.2,40,7.0,7.0,315,35.2,cws-009
2024-06-08 12:08:07,1970559302,0,-96.0,24.2,40,7.0,7.0,315,35.2,cws-009
2024-06-08 12:09:07,1970559302,0,-96.0,24.2,40,7.0,7.0,315,35.2,cws-009
2024-06-08 12:10:07,1970559302,0,-96.0,24.2,40,7.0,7.0,315,35.2,cws-009
2024-06-08 12:11:07,1970559302,0,-96.0,24.2,40,7.0,7.0,315,35.2,cws-009
2024-06-08 12:12:07,1970559302,0,-96.0,24.2,40,7.0,7.0,315,35.2,cws-009
2024-06-08 12:13:07,1970559302,0,-96.0,24.2,40,7.0,7.0,315,35.2,cws-009
2024-06-08 12:14:07,1970559302,0,-96.0,24.2,40,7.0,7.0,315,35.2,cws-009
2024-06-08 12:15:07,1970559302,0,-96.0,24.2,40,7.0,7.0,315,35.2,cws-009
2024-06-08 12:16:07,1970559302,0,-96.0,24.2,40,7.0,7.0,315,35.2,cws-009
2024-06-08 12:17:07,1970559302,0,-96.0,24.2,40,7.0,7.0,315,35.2,cws-009
2024-06-08 12:18:07,1970559302,0,-96.0,24.2,40,7.0,7.0,315,35.2,cws-009
2024-06-08 12:19:07,1970559302,0,-96.0,24.2,40,7.0,7.0,315,35.2,cws-009
2024-06-08 12:20:07,1970559302,0,-96.0,24.2,40,7.0,7.0,315,35.2,cws-009
2024-06-08 12:21:07,1970559302,0,-96.0,24.2,40,7.0,7.0,315,35.2,cws-009
2024-06-08 12:22:07,1970559302,0,-96.0,24.2,40,7.0,7.0,315,35.2,cws-009
2024-06-08 12:23:07,1970559302,0,-96.0,24.2,40,7.0,7.0,315,35.2,cws-009
2024-06-08 12:24:07,1970559302,0,-96.0,24.2,40,7.0,7.0,315,35.2,cws-009
2024-06-08 12:25:07,1970559302,0,-96.0,24.2,40,7.0,7.0,315,35.2,cws-009
2024-06-08 12:26:07,1970559302,0,-96.0,24.2,40,7.0,7.0,315,35.2,cws-009
2024-06-08 12:27:07,1970559302,0,-96.0,24.2,40,7.0,7.0,315,35.2,cws-009
2024-06-08 12:28:07,1970559302,0,-96.0,24.2,40,7.0,7.0,315,35.2,cws-009
2024-06-08 12:29:07,1970559302,0,-96.0,24.2,40,7.0,7.0,315,35.2,cws-009
2024-06-08 12:30:07,1970559302,0,-96.0,24.2,40,7.0,7.0,315,35.2,cws-009
2024-06-08 12:31:07,1970559302,0,-96.0,24.2,40,7.0,7.0,315,35.2,cws-009
2024-06-08 12:32:07,1970559302,0,-96.0,24.2,40,7.0,7.0,315,35.2,cws-009
2024-06-08 12:33:07,1970559302,0,-96.0,24.2,40,7.0,7.0,315,35.2,cws-009
2024-06-08 12:34:07,1970559302,0,-96.0,24.2,40,7.0,7.0,315,35.2,cws-009
2024-06-08 12:35:07,1970559302,0,-96.0,24.2,40,7.0,7.0,315,35.2,cws-009
2024-06-08 12:36:07,1970559302,0,-96.0,24.2,40,7.0,7.0,315,35.2,cws-009
2024-06-08 12:37:08,1970559302,0,-96.0,24.2,40,7.0,7.0,315,35.2,cws-009
2024-06-08 12:38:08,1970559302,0,-96.0,24.2,40,7.0,7.0,315,35.2,cws-009
2024-06-08 12:39:08,1970559302,0,-96.0,24.2,40,7.0,7.0,315,35.2,cws-009
2024-06-08 12:40:08,1970559302,0,-96.0,24.2,40,7.0,7.0,315,35.2,cws-009
2024-06-08 12:41:08,1970559302,0,-96.0,24.2,40,7.0,7.0,315,35.2,cws-009
2024-06-08 12:42:08,1970559302,0,-96.0,24.2,40,7.0,7.0,315,35.2,cws-009
2024-06-08 12:43:08,1970559302,0,-96.0,24.2,40,7.0,7.0,315,35.2,cws-009
2024-06-08 12:44:08,1970559302,0,-96.0,24.2,40,7.0,7.0,315,35.2,cws-009
2024-06-08 12:45:08,1970559302,0,-96.0,24.2,40,7.0,7.0,315,35.2,cws-009
2024-06-08 12:46:08,1970559302,0,-96.0,24.2,40,7.0,7.0,315,35.2,cws-009
2024-06-08 12:47:08,1970559302,0,-96.0,24.2,40,7.0,7.0,315,35.2,cws-009
2024-06-08 12:48:08,1970559302,0,-96.0,24.2,40,7.0,7.0,315,35.2,cws-009
2024-06-08 12:49:08,1970559302,0,-96.0,24.2,40,7.0,7.0,315,35.2,cws-009
2024-06-08 12:50:08,1970559302,0,-96.0,24.2,40,7.0,7.0,315,35.2,cws-009
2024-06-08 12:51:08,1970559302,0,-96.0,24.2,40,7.0,7.0,315,35.2,cws-009
2024-06-08 12:52:08,1970559302,0,-96.0,24.2,40,7.0,7.0,315,35.2,cws-009
2024-06-08 12:53:08,1970559302,0,-96.0,24.2,40,7.0,7.0,315,35.2,cws-009
2024-06-08 12:54:08,1970559302,0,-96.0,24.2,40,7.0,7.0,315,35.2,cws-009
2024-06-08 12:55:08,1970559302,0,-96.0,24.2,40,7.0,7.0,315,35.2,cws-009
2024-06-08 12:56:08,1970559302,0,-96.0,24.2,40,7.0,7.0,315,35.2,cws-009
2024-06-08 12:57:08,1970559302,0,-96.0,24.2,40,7.0,7.0,315,35.2,cws-009
2024-06-08 12:58:08,1970559302,0,-96.0,24.2,40,7.0,7.0,315,35.2,cws-009
2024-06-08 12:59:08,1970559302,0,-96.0,24.2,40,7.0,7.0,315,35.2,cws-009
2024-06-08 13:00:08,1970559302,0,-96.0,24.2,40,7.0,7.0,315,35.2,cws-009
2024-06-08 13:01:08,1970559302,0,-96.0,24.2,40,7.0,7.0,315,35.2,cws-009
2024-06-08 13:02:08,1970559302,0,-96.0,24.2,40,7.0,7.0,315,35.2,cws-009
2024-06-08 13:03:08,1970559302,0,-96.0,24.2,40,7.0,7.0,315,35.2,cws-009
2024-06-08 13:04:08,1970559302,0,-96.0,24.2,40,7.0,7.0,315,35.2,cws-009
2024-06-08 13:05:08,1970559302,0,-96.0,24.2,40,7.0,7.0,315,35.2,cws-009
2024-06-08 13:06:08,1970559302,0,-96.0,24.2,40,7.0,7.0,315,35.2,cws-009
2024-06-08 13:07:08,1970559302,0,-96.0,24.2,40,7.0,7.0,315,35.2,cws-009
2024-06-08 13:08:08,1970559302,0,-96.0,24.2,40,7.0,7.0,315,35.2,cws-009
2024-06-08 13:09:08,1970559302,0,-96.0,24.2,40,7.0,7.0,315,35.2,cws-009
2024-06-08 13:10:08,1970559302,0,-96.0,24.2,40,7.0,7.0,315,35.2,cws-009
2024-06-08 13:11:08,1970559302,0,-96.0,24.2,40,7.0,7.0,315,35.2,cws-009
2024-06-08 13:12:09,1970559302,0,-96.0,24.2,40,7.0,7.0,315,35.2,cws-009
2024-06-08 13:13:09,1970559302,0,-96.0,24.2,40,7.0,7.0,315,35.2,cws-009
2024-06-08 13:14:09,1970559302,0,-96.0,24.2,40,7.0,7.0,315,35.2,cws-009
2024-06-08 13:15:09,1970559302,0,-96.0,24.2,40,7.0,7.0,315,35.2,cws-009
2024-06-08 13:16:09,1970559302,0,-96.0,24.2,40,7.0,7.0,315,35.2,cws-009
2024-06-08 13:17:09,1970559302,0,-96.0,24.2,40,7.0,7.0,315,35.2,cws-009
2024-06-08 13:18:09,1970559302,0,-96.0,24.2,40,7.0,7.0,315,35.2,cws-009
2024-06-08 13:19:09,1970559302,0,-96.0,24.2,40,7.0,7.0,315,35.2,cws-009
2024-06-08 13:20:09,1970559302,0,-96.0,24.2,40,7.0,7.0,315,35.2,cws-009
2024-06-08 13:21:09,1970559302,0,-96.0,24.2,40,7.0,7.0,315,35.2,cws-009
2024-06-08 13:22:09,1970559302,0,-96.0,24.2,40,7.0,7.0,315,35.2,cws-009
2024-06-08 13:23:09,1970559302,0,-96.0,24.2,40,7.0,7.0,315,35.2,cws-009
2024-06-08 13:24:09,1970559302,0,-96.0,24.2,40,7.0,7.0,315,35.2,cws-009
2024-06-08 13:25:09,1970559302,0,-96.0,24.2,40,7.0,7.0,315,35.2,cws-009
2024-06-08 13:26:09,1970559302,0,-96.0,24.2,40,7.0,7.0,315,35.2,cws-009
2024-06-08 13:27:09,1970559302,0,-96.0,24.2,40,7.0,7.0,315,35.2,cws-009
2024-06-08 13:28:09,1970559302,0,-96.0,24.2,40,7.0,7.0,315,35.2,cws-009
2024-06-08 13:29:09,1970559302,0,-96.0,24.2,40,7.0,7.0,315,35.2,cws-009
2024-06-08 13:30:09,1970559302,0,-96.0,24.2,40,7.0,7.0,315,35.2,cws-009
2024-06-08 13:31:09,1970559302,0,-96.0,24.2,40,7.0,7.0,315,35.2,cws-009
2024-06-08 13:32:09,1970559302,0,-96.0,24.2,40,7.0,7.0,315,35.2,cws-009
2024-06-08 13:33:09,1970559302,0,-96.0,24.2,40,7.0,7.0,315,35.2,cws-009
2024-06-08 13:34:09,1970559302,0,-96.0,24.2,40,7.0,7.0,315,35.2,cws-009
2024-06-08 13:35:09,1970559302,0,-96.0,24.2,40,7.0,7.0,315,35.2,cws-009
2024-06-08 13:36:09,1970559302,0,-96.0,24.2,40,7.0,7.0,315,35.2,cws-009
2024-06-08 13:37:09,1970559302,0,-96.0,24.2,40,7.0,7.0,315,35.2,cws-009
2024-06-08 13:38:09,1970559302,0,-96.0,24.2,40,7.0,7.0,315,35.2,cws-009
2024-06-08 13:39:09,1970559302,0,-96.0,24.2,40,7.0,7.0,315,35.2,cws-009
2024-06-08 13:40:09,1970559302,0,-96.0,24.2,40,7.0,7.0,315,35.2,cws-009
2024-06-08 13:41:09,1970559302,0,-96.0,24.2,40,7.0,7.0,315,35.2,cws-009
2024-06-08 13:42:09,1970559302,0,-96.0,24.2,40,7.0,7.0,315,35.2,cws-009
2024-06-08 13:43:09,1970559302,0,-96.0,24.2,40,7.0,7.0,315,35.2,cws-009
2024-06-08 13:44:09,1970559302,0,-96.0,24.2,40,7.0,7.0,315,35.2,cws-009
2024-06-08 13:45:09,1970559302,0,-96.0,24.2,40,7.0,7.0,315,35.2,cws-009
2024-06-08 13:46:09,1970559302,0,-96.0,24.2,40,7.0,7.0,315,35.2,cws-009
2024-06-08 13:47:10,1970559302,0,-96.0,24.2,40,7.0,7.0,315,35.2,cws-009
2024-06-08 13:48:10,1970559302,0,-96.0,24.2,40,7.0,7.0,315,35.2,cws-009
2024-06-08 13:49:10,1970559302,0,-96.0,24.2,40,7.0,7.0,315,35.2,cws-009
2024-06-08 13:50:10,1970559302,0,-96.0,24.2,40,7.0,7.0,315,35.2,cws-009
2024-06-08 13:51:10,1970559302,0,-96.0,24.2,40,7.0,7.0,315,35.2,cws-009
2024-06-08 13:52:10,1970559302,0,-96.0,24.2,40,7.0,7.0,315,35.2,cws-009
2024-06-08 13:53:10,1970559302,0,-96.0,24.2,40,7.0,7.0,315,35.2,cws-009
2024-06-08 13:54:10,1970559302,0,-96.0,24.2,40,7.0,7.0,315,35.2,cws-009
2024-06-08 13:55:10,1970559302,0,-96.0,24.2,40,7.0,7.0,315,35.2,cws-009
2024-06-08 13:56:10,1970559302,0,-96.0,24.2,40,7.0,7.0,315,35.2,cws-009
2024-06-08 13:57:10,1970559302,0,-96.0,24.2,40,7.0,7.0,315,35.2,cws-009
2024-06-08 13:58:10,1970559302,0,-96.0,24.2,40,7.0,7.0,315,35.2,cws-009
2024-06-08 13:59:10,1970559302,0,-96.0,24.2,40,7.0,7.0,315,35.2,cws-009
2024-06-08 14:00:10,1970559302,0,-96.0,24.2,40,7.0,7.0,315,35.2,cws-009
2024-06-08 14:01:10,1970559302,0,-96.0,24.2,40,7.0,7.0,315,35.2,cws-009
2024-06-08 14:02:10,1970559302,0,-96.0,24.2,40,7.0,7.0,315,35.2,cws-009
2024-06-08 14:03:10,1970559302,0,-96.0,24.2,40,7.0,7.0,315,35.2,cws-009
2024-06-08 14:04:10,1970559302,0,-96.0,24.2,40,7.0,7.0,315,35.2,cws-009
2024-06-08 14:05:10,1970559302,0,-96.0,24.2,40,7.0,7.0,315,35.2,cws-009
2024-06-08 14:06:10,1970559302,0,-96.0,24.2,40,7.0,7.0,315,35.2,cws-009
2024-06-08 14:07:10,1970559302,0,-96.0,24.2,40,7.0,7.0,315,35.2,cws-009
2024-06-08 14:08:10,1970559302,0,-96.0,24.2,40,7.0,7.0,315,35.2,cws-009
2024-06-08 14:09:10,1970559302,0,-96.0,24.2,40,7.0,7.0,315,35.2,cws-009
2024-06-08 14:10:10,1970559302,0,-96.0,24.2,40,7.0,7.0,315,35.2,cws-009
2024-06-08 14:11:10,1970559302,0,-96.0,24.2,40,7.0,7.0,315,35.2,cws-009
2024-06-08 14:12:10,1970559302,0,-96.0,24.2,40,7.0,7.0,315,35.2,cws-009
2024-06-08 14:13:10,1970559302,0,-96.0,24.2,40,7.0,7.0,315,35.2,cws-009
2024-06-08 14:14:10,1970559302,0,-96.0,24.2,40,7.0,7.0,315,35.2,cws-009
2024-06-08 14:15:10,1970559302,0,-96.0,24.2,40,7.0,7.0,315,35.2,cws-009
2024-06-08 14:16:10,1970559302,0,-96.0,24.2,40,7.0,7.0,315,35.2,cws-009
2024-06-08 14:17:10,1970559302,0,-96.0,24.2,40,7.0,7.0,315,35.2,cws-009
2024-06-08 14:18:10,1970559302,0,-96.0,24.2,40,7.0,7.0,315,35.2,cws-009
2024-06-08 14:19:10,1970559302,0,-96.0,24.2,40,7.0,7.0,315,35.2,cws-009
2024-06-08 14:20:10,1970559302,0,-96.0,24.2,40,7.0,7.0,315,35.2,cws-009
2024-06-08 14:21:10,1970559302,0,-96.0,24.2,40,7.0,7.0,315,35.2,cws-009
2024-06-08 14:22:10,1970559302,0,-96.0,24.2,40,7.0,7.0,315,35.2,cws-009
2024-06-08 14:23:11,1970559302,0,-96.0,24.2,40,7.0,7.0,315,35.2,cws-009
2024-06-08 14:24:11,1970559302,0,-96.0,24.2,40,7.0,7.0,315,35.2,cws-009
2024-06-08 14:25:11,1970559302,0,-96.0,24.2,40,7.0,7.0,315,35.2,cws-009
2024-06-08 14:26:11,1970559302,0,-96.0,24.2,40,7.0,7.0,315,35.2,cws-009
2024-06-08 14:27:11,1970559302,0,-96.0,24.2,40,7.0,7.0,315,35.2,cws-009
2024-06-08 14:28:11,1970559302,0,-96.0,24.2,40,7.0,7.0,315,35.2,cws-009
2024-06-08 14:29:11,1970559302,0,-96.0,24.2,40,7.0,7.0,315,35.2,cws-009
2024-06-08 14:30:11,1970559302,0,-96.0,24.2,40,7.0,7.0,315,35.2,cws-009
2024-06-08 14:31:11,1970559302,0,-96.0,24.2,40,7.0,7.0,315,35.2,cws-009
2024-06-08 14:32:11,1970559302,0,-96.0,24.2,40,7.0,7.0,315,35.2,cws-009
2024-06-08 14:33:11,1970559302,0,-96.0,24.2,40,7.0,7.0,315,35.2,cws-009
2024-06-08 14:34:11,1970559302,0,-96.0,24.2,40,7.0,7.0,315,35.2,cws-009
2024-06-08 14:35:11,1970559302,0,-96.0,24.2,40,7.0,7.0,315,35.2,cws-009
2024-06-08 14:36:11,1970559302,0,-96.0,24.2,40,7.0,7.0,315,35.2,cws-009
2024-06-08 14:37:11,1970559302,0,-96.0,24.2,40,7.0,7.0,315,35.2,cws-009
2024-06-08 14:38:11,1970559302,0,-96.0,24.2,40,7.0,7.0,315,35.2,cws-009
2024-06-08 14:39:11,1970559302,0,-96.0,24.2,40,7.0,7.0,315,35.2,cws-009
2024-06-08 14:40:11,1970559302,0,-96.0,24.2,40,7.0,7.0,315,35.2,cws-009
2024-06-08 14:41:11,1970559302,0,-96.0,24.2,40,7.0,7.0,315,35.2,cws-009
2024-06-08 14:42:11,1970559302,0,-96.0,24.2,40,7.0,7.0,315,35.2,cws-009
2024-06-08 14:43:11,1970559302,0,-96.0,24.2,40,7.0,7.0,315,35.2,cws-009
2024-06-08 14:44:11,1970559302,0,-96.0,24.2,40,7.0,7.0,315,35.2,cws-009
2024-06-08 14:45:11,1970559302,0,-96.0,24.2,40,7.0,7.0,315,35.2,cws-009
2024-06-08 14:46:11,1970559302,0,-96.0,24.2,40,7.0,7.0,315,35.2,cws-009
2024-06-08 14:47:11,1970559302,0,-96.0,24.2,40,7.0,7.0,315,35.2,cws-009
2024-06-08 14:48:11,1970559302,0,-96.0,24.2,40,7.0,7.0,315,35.2,cws-009
2024-06-08 14:49:11,1970559302,0,-96.0,24.2,40,7.0,7.0,315,35.2,cws-009
2024-06-08 14:50:11,1970559302,0,-96.0,24.2,40,7.0,7.0,315,35.2,cws-009
2024-06-08 14:51:11,1970559302,0,-96.0,24.2,40,7.0,7.0,315,35.2,cws-009
2024-06-08 14:52:11,1970559302,0,-96.0,24.2,40,7.0,7.0,315,35.2,cws-009
2024-06-08 14:53:11,1970559302,0,-96.0,24.2,40,7.0,7.0,315,35.2,cws-009
2024-06-08 14:54:11,1970559302,0,-96.0,24.2,40,7.0,7.0,315,35.2,cws-009
2024-06-08 14:55:11,1970559302,0,-96.0,24.2,40,7.0,7.0,315,35.2,cws-009
2024-06-08 14:56:11,1970559302,0,-96.0,24.2,40,7.0,7.0,315,35.2,cws-009
2024-06-08 14:57:11,1970559302,0,-96.0,24.2,40,7.0,7.0,315,35.2,cws-009
2024-06-08 14:58:11,1970559302,0,-96.0,24.2,40,7.0,7.0,315,35.2,cws-009
2024-06-08 14:59:12,1970559302,0,-96.0,24.2,40,7.0,7.0,315,35.2,cws-009
2024-06-08 15:00:12,1970559302,0,-96.0,24.2,40,7.0,7.0,315,35.2,cws-009
2024-06-08 15:01:12,1970559302,0,-96.0,24.2,40,7.0,7.0,315,35.2,cws-009
2024-06-08 15:02:12,1970559302,0,-96.0,24.2,40,7.0,7.0,315,35.2,cws-009
2024-06-08 15:03:12,1970559302,0,-96.0,24.2,40,7.0,7.0,315,35.2,cws-009
2024-06-08 15:04:12,1970559302,0,-96.0,24.2,40,7.0,7.0,315,35.2,cws-009
2024-06-08 15:05:12,1970559302,0,-96.0,24.2,40,7.0,7.0,315,35.2,cws-009
2024-06-08 15:06:12,1970559302,0,-96.0,24.2,40,7.0,7.0,315,35.2,cws-009
2024-06-08 15:07:12,1970559302,0,-96.0,24.2,40,7.0,7.0,315,35.2,cws-009
2024-06-08 15:08:12,1970559302,0,-96.0,24.2,40,7.0,7.0,315,35.2,cws-009
2024-06-08 15:09:12,1970559302,0,-96.0,24.2,40,7.0,7.0,315,35.2,cws-009
2024-06-08 15:10:12,1970559302,0,-96.0,24.2,40,7.0,7.0,315,35.2,cws-009
2024-06-08 15:11:12,1970559302,0,-96.0,24.2,40,7.0,7.0,315,35.2,cws-009
2024-06-08 15:12:12,1970559302,0,-96.0,24.2,40,7.0,7.0,315,35.2,cws-009
2024-06-08 15:13:12,1970559302,0,-96.0,24.2,40,7.0,7.0,315,35.2,cws-009
2024-06-08 15:14:12,1970559302,0,-96.0,24.2,40,7.0,7.0,315,35.2,cws-009
2024-06-08 15:15:12,1970559302,0,-96.0,24.2,40,7.0,7.0,315,35.2,cws-009
2024-06-08 15:16:12,1970559302,0,-96.0,24.2,40,7.0,7.0,315,35.2,cws-009
2024-06-08 15:17:12,1970559302,0,-96.0,24.2,40,7.0,7.0,315,35.2,cws-009
2024-06-08 15:18:12,1970559302,0,-96.0,24.2,40,7.0,7.0,315,35.2,cws-009
2024-06-08 15:19:12,1970559302,0,-96.0,24.2,40,7.0,7.0,315,35.2,cws-009
2024-06-08 15:20:12,1970559302,0,-96.0,24.2,40,7.0,7.0,315,35.2,cws-009
2024-06-08 15:21:12,1970559302,0,-96.0,24.2,40,7.0,7.0,315,35.2,cws-009
2024-06-08 15:22:12,1970559302,0,-96.0,24.2,40,7.0,7.0,315,35.2,cws-009
2024-06-08 15:23:12,1970559302,0,-96.0,24.2,40,7.0,7.0,315,35.2,cws-009
2024-06-08 15:24:12,1970559302,0,-96.0,24.2,40,7.0,7.0,315,35.2,cws-009
2024-06-08 15:25:12,1970559302,0,-96.0,24.2,40,7.0,7.0,315,35.2,cws-009
2024-06-08 15:26:12,1970559302,0,-96.0,24.2,40,7.0,7.0,315,35.2,cws-009
2024-06-08 15:27:12,1970559302,0,-96.0,24.2,40,7.0,7.0,315,35.2,cws-009
2024-06-08 15:28:12,1970559302,0,-96.0,24.2,40,7.0,7.0,315,35.2,cws-009
2024-06-08 15:29:12,1970559302,0,-96.0,24.2,40,7.0,7.0,315,35.2,cws-009
2024-06-08 15:30:12,1970559302,0,-96.0,24.2,40,7.0,7.0,315,35.2,cws-009
2024-06-08 15:31:12,1970559302,0,-96.0,24.2,40,7.0,7.0,315,35.2,cws-009
2024-06-08 15:32:12,1970559302,0,-96.0,24.2,40,7.0,7.0,315,35.2,cws-009
2024-06-08 15:33:13,1970559302,0,-96.0,24.2,40,7.0,7.0,315,35.2,cws-009
2024-06-08 15:34:13,1970559302,0,-96.0,24.2,40,7.0,7.0,315,35.2,cws-009
2024-06-08 15:35:13,1970559302,0,-96.0,24.2,40,7.0,7.0,315,35.2,cws-009
2024-06-08 15:36:13,1970559302,0,-96.0,24.2,40,7.0,7.0,315,35.2,cws-009
2024-06-08 15:37:13,1970559302,0,-96.0,24.2,40,7.0,7.0,315,35.2,cws-009
2024-06-08 15:38:13,1970559302,0,-96.0,24.2,40,7.0,7.0,315,35.2,cws-009
2024-06-08 15:39:13,1970559302,0,-96.0,24.2,40,7.0,7.0,315,35.2,cws-009
2024-06-08 15:40:13,1970559302,0,-96.0,24.2,40,7.0,7.0,315,35.2,cws-009
2024-06-08 15:41:13,1970559302,0,-96.0,24.2,40,7.0,7.0,315,35.2,cws-009
2024-06-08 15:42:13,1970559302,0,-96.0,24.2,40,7.0,7.0,315,35.2,cws-009
2024-06-08 15:43:13,1970559302,0,-96.0,24.2,40,7.0,7.0,315,35.2,cws-009
2024-06-08 15:44:13,1970559302,0,-96.0,24.2,40,7.0,7.0,315,35.2,cws-009
2024-06-08 15:45:13,1970559302,0,-96.0,24.2,40,7.0,7.0,315,35.2,cws-009
2024-06-08 15:46:13,1970559302,0,-96.0,24.2,40,7.0,7.0,315,35.2,cws-009
2024-06-08 15:47:13,1970559302,0,-96.0,24.2,40,7.0,7.0,315,35.2,cws-009
2024-06-08 15:48:13,1970559302,0,-96.0,24.2,40,7.0,7.0,315,35.2,cws-009
2024-06-08 15:49:13,1970559302,0,-96.0,24.2,40,7.0,7.0,315,35.2,cws-009
2024-06-08 15:50:13,1970559302,0,-96.0,24.2,40,7.0,7.0,315,35.2,cws-009
2024-06-08 15:51:13,1970559302,0,-96.0,24.2,40,7.0,7.0,315,35.2,cws-009
2024-06-08 15:52:13,1970559302,0,-96.0,24.2,40,7.0,7.0,315,35.2,cws-009
2024-06-08 15:53:13,1970559302,0,-96.0,24.2,40,7.0,7.0,315,35.2,cws-009
2024-06-08 15:54:13,1970559302,0,-96.0,24.2,40,7.0,7.0,315,35.2,cws-009
2024-06-08 15:55:13,1970559302,0,-96.0,24.2,40,7.0,7.0,315,35.2,cws-009
2024-06-08 15:56:13,1970559302,0,-96.0,24.2,40,7.0,7.0,315,35.2,cws-009
2024-06-08 15:57:13,1970559302,0,-96.0,24.2,40,7.0,7.0,315,35.2,cws-009
2024-06-08 15:58:13,1970559302,0,-96.0,24.2,40,7.0,7.0,315,35.2,cws-009
2024-06-08 15:59:13,1970559302,0,-96.0,24.2,40,7.0,7.0,315,35.2,cws-009
2024-06-08 16:00:13,1970559302,0,-96.0,24.2,40,7.0,7.0,315,35.2,cws-009
2024-06-08 16:01:13,1970559302,0,-96.0,24.2,40,7.0,7.0,315,35.2,cws-009
2024-06-08 16:02:13,1970559302,0,-96.0,24.2,40,7.0,7.0,315,35.2,cws-009
2024-06-08 16:03:13,1970559302,0,-96.0,24.2,40,7.0,7.0,315,35.2,cws-009
2024-06-08 16:04:13,1970559302,0,-96.0,24.2,40,7.0,7.0,315,35.2,cws-009
2024-06-08 16:05:13,1970559302,0,-96.0,24.2,40,7.0,7.0,315,35.2,cws-009
2024-06-08 16:06:13,1970559302,0,-96.0,24.2,40,7.0,7.0,315,35.2,cws-009
2024-06-08 16:07:13,1970559302,0,-96.0,24.2,40,7.0,7.0,315,35.2,cws-009
2024-06-08 16:08:13,1970559302,0,-96.0,24.2,40,7.0,7.0,315,35.2,cws-009
2024-06-08 16:09:14,1970559302,0,-96.0,24.2,40,7.0,7.0,315,35.2,cws-009
2024-06-08 16:10:14,1970559302,0,-96.0,24.2,40,7.0,7.0,315,35.2,cws-009
2024-06-08 16:11:14,1970559302,0,-96.0,24.2,40,7.0,7.0,315,35.2,cws-009
2024-06-08 16:12:14,1970559302,0,-96.0,24.2,40,7.0,7.0,315,35.2,cws-009
2024-06-08 16:13:14,1970559302,0,-96.0,24.2,40,7.0,7.0,315,35.2,cws-009
2024-06-08 16:14:14,1970559302,0,-96.0,24.2,40,7.0,7.0,315,35.2,cws-009
2024-06-08 16:15:14,1970559302,0,-96.0,24.2,40,7.0,7.0,315,35.2,cws-009
2024-06-08 16:16:14,1970559302,0,-96.0,24.2,40,7.0,7.0,315,35.2,cws-009
2024-06-08 16:17:14,1970559302,0,-96.0,24.2,40,7.0,7.0,315,35.2,cws-009
2024-06-08 16:18:14,1970559302,0,-96.0,24.2,40,7.0,7.0,315,35.2,cws-009
2024-06-08 16:19:14,1970559302,0,-96.0,24.2,40,7.0,7.0,315,35.2,cws-009
2024-06-08 16:20:14,1970559302,0,-96.0,24.2,40,7.0,7.0,315,35.2,cws-009
2024-06-08 16:21:14,1970559302,0,-96.0,24.2,40,7.0,7.0,315,35.2,cws-009
2024-06-08 16:22:14,1970559302,0,-96.0,24.2,40,7.0,7.0,315,35.2,cws-009
2024-06-08 16:23:14,1970559302,0,-96.0,24.2,40,7.0,7.0,315,35.2,cws-009
2024-06-08 16:24:14,1970559302,0,-96.0,24.2,40,7.0,7.0,315,35.2,cws-009
2024-06-08 16:25:14,1970559302,0,-96.0,24.2,40,7.0,7.0,315,35.2,cws-009
2024-06-08 16:26:14,1970559302,0,-96.0,24.2,40,7.0,7.0,315,35.2,cws-009
2024-06-08 16:27:14,1970559302,0,-96.0,24.2,40,7.0,7.0,315,35.2,cws-009
2024-06-08 16:28:14,1970559302,0,-96.0,24.2,40,7.0,7.0,315,35.2,cws-009
2024-06-08 16:29:14,1970559302,0,-96.0,24.2,40,7.0,7.0,315,35.2,cws-009
2024-06-08 16:30:14,1970559302,0,-96.0,24.2,40,7.0,7.0,315,35.2,cws-009
2024-06-08 16:31:14,1970559302,0,-96.0,24.2,40,7.0,7.0,315,35.2,cws-009
2024-06-08 16:32:14,1970559302,0,-96.0,24.2,40,7.0,7.0,315,35.2,cws-009
2024-06-08 16:33:14,1970559302,0,-96.0,24.2,40,7.0,7.0,315,35.2,cws-009
2024-06-08 16:34:14,1970559302,0,-96.0,24.2,40,7.0,7.0,315,35.2,cws-009
2024-06-08 16:35:14,1970559302,0,-96.0,24.2,40,7.0,7.0,315,35.2,cws-009
2024-06-08 16:36:14,1970559302,0,-96.0,24.2,40,7.0,7.0,315,35.2,cws-009
2024-06-08 16:37:14,1970559302,0,-96.0,24.2,40,7.0,7.0,315,35.2,cws-009
2024-06-08 16:38:14,1970559302,0,-96.0,24.2,40,7.0,7.0,315,35.2,cws-009
2024-06-08 16:39:14,1970559302,0,-96.0,24.2,40,7.0,7.0,315,35.2,cws-009
2024-06-08 16:40:14,1970559302,0,-96.0,24.2,40,7.0,7.0,315,35.2,cws-009
2024-06-08 16:41:14,1970559302,0,-96.0,24.2,40,7.0,7.0,315,35.2,cws-009
2024-06-08 16:42:14,1970559302,0,-96.0,24.2,40,7.0,7.0,315,35.2,cws-009
2024-06-08 16:43:14,1970559302,0,-96.0,24.2,40,7.0,7.0,315,35.2,cws-009
2024-06-08 16:44:14,1970559302,0,-96.0,24.2,40,7.0,7.0,315,35.2,cws-009
2024-06-08 16:45:15,1970559302,0,-96.0,24.2,40,7.0,7.0,315,35.2,cws-009
2024-06-08 16:46:15,1970559302,0,-96.0,24.2,40,7.0,7.0,315,35.2,cws-009
2024-06-08 16:47:15,1970559302,0,-96.0,24.2,40,7.0,7.0,315,35.2,cws-009
2024-06-08 16:48:15,1970559302,0,-96.0,24.2,40,7.0,7.0,315,35.2,cws-009
2024-06-08 16:49:15,1970559302,0,-96.0,24.2,40,7.0,7.0,315,35.2,cws-009
2024-06-08 16:50:15,1970559302,0,-96.0,24.2,40,7.0,7.0,315,35.2,cws-009
2024-06-08 16:51:15,1970559302,0,-96.0,24.2,40,7.0,7.0,315,35.2,cws-009
2024-06-08 16:52:15,1970559302,0,-96.0,24.2,40,7.0,7.0,315,35.2,cws-009
2024-06-08 16:53:15,1970559302,0,-96.0,24.2,40,7.0,7.0,315,35.2,cws-009
2024-06-08 16:54:15,1970559302,0,-96.0,24.2,40,7.0,7.0,315,35.2,cws-009
2024-06-08 16:55:15,1970559302,0,-96.0,24.2,40,7.0,7.0,315,35.2,cws-009
2024-06-08 16:56:15,1970559302,0,-96.0,24.2,40,7.0,7.0,315,35.2,cws-009
2024-06-08 16:57:15,1970559302,0,-96.0,24.2,40,7.0,7.0,315,35.2,cws-009
2024-06-08 16:58:15,1970559302,0,-96.0,24.2,40,7.0,7.0,315,35.2,cws-009
2024-06-08 16:59:15,1970559302,0,-96.0,24.2,40,7.0,7.0,315,35.2,cws-009
2024-06-08 17:00:15,1970559302,0,-96.0,24.2,40,7.0,7.0,315,35.2,cws-009
2024-06-08 17:01:15,1970559302,0,-96.0,24.2,40,7.0,7.0,315,35.2,cws-009
2024-06-08 17:02:15,1970559302,0,-96.0,24.2,40,7.0,7.0,315,35.2,cws-009
2024-06-08 17:03:15,1970559302,0,-96.0,24.2,40,7.0,7.0,315,35.2,cws-009
2024-06-08 17:04:15,1970559302,0,-96.0,24.2,40,7.0,7.0,315,35.2,cws-009
2024-06-08 17:05:15,1970559302,0,-96.0,24.2,40,7.0,7.0,315,35.2,cws-009
2024-06-08 17:06:15,1970559302,0,-96.0,24.2,40,7.0,7.0,315,35.2,cws-009
2024-06-08 17:07:15,1970559302,0,-96.0,24.2,40,7.0,7.0,315,35.2,cws-009
2024-06-08 17:08:15,1970559302,0,-96.0,24.2,40,7.0,7.0,315,35.2,cws-009
2024-06-08 17:09:15,1970559302,0,-96.0,24.2,40,7.0,7.0,315,35.2,cws-009
2024-06-08 17:10:15,1970559302,0,-96.0,24.2,40,7.0,7.0,315,35.2,cws-009
2024-06-08 17:11:15,1970559302,0,-96.0,24.2,40,7.0,7.0,315,35.2,cws-009
2024-06-08 17:12:15,1970559302,0,-96.0,24.2,40,7.0,7.0,315,35.2,cws-009
2024-06-08 17:13:15,1970559302,0,-96.0,24.2,40,7.0,7.0,315,35.2,cws-009
2024-06-08 17:14:15,1970559302,0,-96.0,24.2,40,7.0,7.0,315,35.2,cws-009
2024-06-08 17:15:15,1970559302,0,-96.0,24.2,40,7.0,7.0,315,35.2,cws-009
2024-06-08 17:16:15,1970559302,0,-96.0,24.2,40,7.0,7.0,315,35.2,cws-009
2024-06-08 17:17:15,1970559302,0,-96.0,24.2,40,7.0,7.0,315,35.2,cws-009
2024-06-08 17:18:15,1970559302,0,-96.0,24.2,40,7.0,7.0,315,35.2,cws-009
2024-06-08 17:19:15,1970559302,0,-96.0,24.2,40,7.0,7.0,315,35.2,cws-009
2024-06-08 17:20:16,1970559302,0,-96.0,24.2,40,7.0,7.0,315,35.2,cws-009
2024-06-08 17:21:16,1970559302,0,-96.0,24.2,40,7.0,7.0,315,35.2,cws-009
2024-06-08 17:22:16,1970559302,0,-96.0,24.2,40,7.0,7.0,315,35.2,cws-009
2024-06-08 17:23:16,1970559302,0,-96.0,24.2,40,7.0,7.0,315,35.2,cws-009
2024-06-08 17:24:16,1970559302,0,-96.0,24.2,40,7.0,7.0,315,35.2,cws-009
2024-06-08 17:25:16,1970559302,0,-96.0,24.2,40,7.0,7.0,315,35.2,cws-009
2024-06-08 17:26:16,1970559302,0,-96.0,24.2,40,7.0,7.0,315,35.2,cws-009
2024-06-08 17:27:16,1970559302,1,-71.5,24.8,66,20.0,17.0,112,35.2,cws-009
2024-06-08 17:28:16,1970559302,1,-71.5,24.8,66,20.0,17.0,112,35.2,cws-009
2024-06-08 17:29:16,1970559302,1,-71.5,24.8,66,20.0,17.0,112,35.2,cws-009
2024-06-08 17:30:16,1970559302,1,-71.5,24.8,66,20.0,17.0,112,35.2,cws-009
2024-06-08 17:31:16,1970559302,1,-71.5,24.8,66,20.0,17.0,112,35.2,cws-009
2024-06-08 17:32:16,1970559302,1,-71.5,24.8,66,20.0,17.0,112,35.2,cws-009
2024-06-08 17:33:16,1970559302,1,-71.5,24.8,66,20.0,17.0,112,35.2,cws-009
2024-06-08 17:34:16,1970559302,1,-71.5,24.8,66,20.0,17.0,112,35.2,cws-009
2024-06-08 17:35:16,1970559302,1,-71.5,24.8,66,20.0,17.0,112,35.2,cws-009
2024-06-08 17:36:16,1970559302,1,-71.5,24.8,66,20.0,17.0,112,35.2,cws-009
2024-06-08 17:37:16,1970559302,1,-71.5,24.8,66,20.0,17.0,112,35.2,cws-009
2024-06-08 17:38:16,1970559302,1,-71.5,24.8,66,20.0,17.0,112,35.2,cws-009
2024-06-08 17:39:16,1970559302,1,-71.5,24.8,66,20.0,17.0,112,35.2,cws-009
2024-06-08 17:40:16,1970559302,1,-71.5,24.8,66,20.0,17.0,112,35.2,cws-009
2024-06-08 17:41:16,1970559302,1,-71.5,24.8,66,20.0,17.0,112,35.2,cws-009
2024-06-08 17:42:16,1970559302,1,-71.5,24.8,66,20.0,17.0,112,35.2,cws-009
2024-06-08 17:43:16,1970559302,1,-71.5,24.8,66,20.0,17.0,112,35.2,cws-009
2024-06-08 17:44:16,1970559302,1,-71.5,24.8,66,20.0,17.0,112,35.2,cws-009
2024-06-08 17:45:16,1970559302,1,-71.5,24.8,66,20.0,17.0,112,35.2,cws-009
2024-06-08 17:46:16,1970559302,1,-71.5,24.8,66,20.0,17.0,112,35.2,cws-009
2024-06-08 17:47:16,1970559302,1,-71.5,24.8,66,20.0,17.0,112,35.2,cws-009
2024-06-08 17:48:16,1970559302,1,-71.5,24.8,66,20.0,17.0,112,35.2,cws-009
2024-06-08 17:49:16,1970559302,1,-71.5,24.8,66,20.0,17.0,112,35.2,cws-009
2024-06-08 17:50:16,1970559302,1,-71.5,24.8,66,20.0,17.0,112,35.2,cws-009
2024-06-08 17:51:16,1970559302,1,-71.5,24.8,66,20.0,17.0,112,35.2,cws-009
2024-06-08 17:52:16,1970559302,1,-71.5,24.8,66,20.0,17.0,112,35.2,cws-009
2024-06-08 17:53:16,1970559302,1,-71.5,24.8,66,20.0,17.0,112,35.2,cws-009
2024-06-08 17:54:16,1970559302,1,-71.5,24.8,66,20.0,17.0,112,35.2,cws-009
2024-06-08 17:55:17,1970559302,1,-71.5,24.8,66,20.0,17.0,112,35.2,cws-009
2024-06-08 17:56:17,1970559302,1,-71.5,24.8,66,20.0,17.0,112,35.2,cws-009
2024-06-08 17:57:17,1970559302,1,-71.5,24.8,66,20.0,17.0,112,35.2,cws-009
2024-06-08 17:58:17,1970559302,1,-71.5,24.8,66,20.0,17.0,112,35.2,cws-009
2024-06-08 17:59:17,1970559302,1,-71.5,24.8,66,20.0,17.0,112,35.2,cws-009
2024-06-08 18:00:17,1970559302,1,-71.5,24.8,66,20.0,17.0,112,35.2,cws-009
2024-06-08 18:01:17,1970559302,1,-71.5,24.8,66,20.0,17.0,112,35.2,cws-009
2024-06-08 18:02:17,1970559302,1,-71.5,24.8,66,20.0,17.0,112,35.2,cws-009
2024-06-08 18:03:17,1970559302,1,-71.5,24.8,66,20.0,17.0,112,35.2,cws-009
2024-06-08 18:04:17,1970559302,1,-71.5,24.8,66,20.0,17.0,112,35.2,cws-009
2024-06-08 18:05:17,1970559302,1,-71.5,24.8,66,20.0,17.0,112,35.2,cws-009
2024-06-08 18:06:17,1970559302,1,-71.5,24.8,66,20.0,17.0,112,35.2,cws-009
2024-06-08 18:07:17,1970559302,1,-71.5,24.8,66,20.0,17.0,112,35.2,cws-009
2024-06-08 18:08:17,1970559302,1,-71.5,24.8,66,20.0,17.0,112,35.2,cws-009
2024-06-08 18:09:17,1970559302,1,-71.5,24.8,66,20.0,17.0,112,35.2,cws-009
2024-06-08 18:10:17,1970559302,1,-71.5,24.8,66,20.0,17.0,112,35.2,cws-009
2024-06-08 18:11:17,1970559302,1,-71.5,24.8,66,20.0,17.0,112,35.2,cws-009
2024-06-08 18:12:17,1970559302,1,-71.5,24.8,66,20.0,17.0,112,35.2,cws-009
2024-06-08 18:13:17,1970559302,1,-71.5,24.8,66,20.0,17.0,112,35.2,cws-009
2024-06-08 18:14:17,1970559302,1,-71.5,24.8,66,20.0,17.0,112,35.2,cws-009
2024-06-08 18:15:17,1970559302,1,-71.5,24.8,66,20.0,17.0,112,35.2,cws-009
2024-06-08 18:16:17,1970559302,1,-71.5,24.8,66,20.0,17.0,112,35.2,cws-009
2024-06-08 18:17:17,1970559302,1,-71.5,24.8,66,20.0,17.0,112,35.2,cws-009
2024-06-08 18:18:17,1970559302,1,-71.5,24.8,66,20.0,17.0,112,35.2,cws-009
2024-06-08 18:19:17,1970559302,1,-71.5,24.8,66,20.0,17.0,112,35.2,cws-009
2024-06-08 18:20:17,1970559302,1,-71.5,24.8,66,20.0,17.0,112,35.2,cws-009
2024-06-08 18:21:17,1970559302,1,-71.5,24.8,66,20.0,17.0,112,35.2,cws-009
2024-06-08 18:22:17,1970559302,1,-71.5,24.8,66,20.0,17.0,112,35.2,cws-009
2024-06-08 18:23:17,1970559302,1,-71.5,24.8,66,20.0,17.0,112,35.2,cws-009
2024-06-08 18:24:17,1970559302,1,-71.5,24.8,66,20.0,17.0,112,35.2,cws-009
2024-06-08 18:25:17,1970559302,1,-71.5,24.8,66,20.0,17.0,112,35.2,cws-009
2024-06-08 18:26:17,1970559302,1,-71.5,24.8,66,20.0,17.0,112,35.2,cws-009
2024-06-08 18:27:17,1970559302,1,-71.5,24.8,66,20.0,17.0,112,35.2,cws-009
2024-06-08 18:28:17,1970559302,1,-71.5,24.8,66,20.0,17.0,112,35.2,cws-009
2024-06-08 18:29:17,1970559302,1,-71.5,24.8,66,20.0,17.0,112,35.2,cws-009
2024-06-08 18:30:18,1970559302,1,-71.5,24.8,66,20.0,17.0,112,35.2,cws-009
2024-06-08 18:31:18,1970559302,1,-71.5,24.8,66,20.0,17.0,112,35.2,cws-009
2024-06-08 18:32:18,1970559302,1,-71.5,24.8,66,20.0,17.0,112,35.2,cws-009
2024-06-08 18:33:18,1970559302,1,-71.5,24.8,66,20.0,17.0,112,35.2,cws-009
2024-06-08 18:34:18,1970559302,1,-71.5,24.8,66,20.0,17.0,112,35.2,cws-009
2024-06-08 18:35:18,1970559302,1,-71.5,24.8,66,20.0,17.0,112,35.2,cws-009
2024-06-08 18:36:18,1970559302,1,-71.5,24.8,66,20.0,17.0,112,35.2,cws-009
2024-06-08 18:37:18,1970559302,1,-71.5,24.8,66,20.0,17.0,112,35.2,cws-009
2024-06-08 18:38:18,1970559302,1,-71.5,24.8,66,20.0,17.0,112,35.2,cws-009
2024-06-08 18:39:18,1970559302,1,-71.5,24.8,66,20.0,17.0,112,35.2,cws-009
2024-06-08 18:40:18,1970559302,1,-71.5,24.8,66,20.0,17.0,112,35.2,cws-009
2024-06-08 18:41:18,1970559302,1,-71.5,24.8,66,20.0,17.0,112,35.2,cws-009
2024-06-08 18:42:18,1970559302,1,-71.5,24.8,66,20.0,17.0,112,35.2,cws-009
2024-06-08 18:43:18,1970559302,1,-71.5,24.8,66,20.0,17.0,112,35.2,cws-009
2024-06-08 18:44:18,1970559302,1,-71.5,24.8,66,20.0,17.0,112,35.2,cws-009
2024-06-08 18:45:18,1970559302,1,-71.5,24.8,66,20.0,17.0,112,35.2,cws-009
2024-06-08 18:46:18,1970559302,1,-71.5,24.8,66,20.0,17.0,112,35.2,cws-009
2024-06-08 18:47:18,1970559302,1,-71.5,24.8,66,20.0,17.0,112,35.2,cws-009
2024-06-08 18:48:18,1970559302,1,-71.5,24.8,66,20.0,17.0,112,35.2,cws-009
2024-06-08 18:49:18,1970559302,1,-71.5,24.8,66,20.0,17.0,112,35.2,cws-009
2024-06-08 18:50:18,1970559302,1,-71.5,24.8,66,20.0,17.0,112,35.2,cws-009
2024-06-08 18:51:18,1970559302,1,-71.5,24.8,66,20.0,17.0,112,35.2,cws-009
2024-06-08 18:52:18,1970559302,1,-71.5,24.8,66,20.0,17.0,112,35.2,cws-009
2024-06-08 18:53:18,1970559302,1,-71.5,24.8,66,20.0,17.0,112,35.2,cws-009
2024-06-08 18:54:18,1970559302,1,-71.5,24.8,66,20.0,17.0,112,35.2,cws-009
2024-06-08 18:55:18,1970559302,1,-71.5,24.8,66,20.0,17.0,112,35.2,cws-009
2024-06-08 18:56:18,1970559302,1,-71.5,24.8,66,20.0,17.0,112,35.2,cws-009
2024-06-08 18:57:18,1970559302,1,-71.5,24.8,66,20.0,17.0,112,35.2,cws-009
2024-06-08 18:58:18,1970559302,1,-71.5,24.8,66,20.0,17.0,112,35.2,cws-009
2024-06-08 18:59:18,1970559302,1,-71.5,24.8,66,20.0,17.0,112,35.2,cws-009
2024-06-08 19:00:18,1970559302,1,-71.5,24.8,66,20.0,17.0,112,35.2,cws-009
2024-06-08 19:01:18,1970559302,1,-71.5,24.8,66,20.0,17.0,112,35.2,cws-009
2024-06-08 19:02:18,1970559302,1,-71.5,24.8,66,20.0,17.0,112,35.2,cws-009
2024-06-08 19:03:18,1970559302,1,-71.5,24.8,66,20.0,17.0,112,35.2,cws-009
2024-06-08 19:04:18,1970559302,1,-71.5,24.8,66,20.0,17.0,112,35.2,cws-009
2024-06-08 19:05:19,1970559302,1,-71.5,24.8,66,20.0,17.0,112,35.2,cws-009
2024-06-08 19:06:19,1970559302,1,-71.5,24.8,66,20.0,17.0,112,35.2,cws-009
2024-06-08 19:07:19,1970559302,1,-71.5,24.8,66,20.0,17.0,112,35.2,cws-009
2024-06-08 19:08:19,1970559302,1,-71.5,24.8,66,20.0,17.0,112,35.2,cws-009
2024-06-08 19:09:19,1970559302,1,-71.5,24.8,66,20.0,17.0,112,35.2,cws-009
2024-06-08 19:10:19,1970559302,1,-71.5,24.8,66,20.0,17.0,112,35.2,cws-009
2024-06-08 19:11:19,1970559302,1,-71.5,24.8,66,20.0,17.0,112,35.2,cws-009
2024-06-08 19:12:19,1970559302,1,-71.5,24.8,66,20.0,17.0,112,35.2,cws-009
2024-06-08 19:13:19,1970559302,1,-71.5,24.8,66,20.0,17.0,112,35.2,cws-009
2024-06-08 19:14:19,1970559302,1,-71.5,24.8,66,20.0,17.0,112,35.2,cws-009
2024-06-08 19:15:19,1970559302,1,-71.5,24.8,66,20.0,17.0,112,35.2,cws-009
2024-06-08 19:16:19,1970559302,1,-71.5,24.8,66,20.0,17.0,112,35.2,cws-009
2024-06-08 19:17:19,1970559302,1,-71.5,24.8,66,20.0,17.0,112,35.2,cws-009
2024-06-08 19:18:19,1970559302,1,-71.5,24.8,66,20.0,17.0,112,35.2,cws-009
2024-06-08 19:19:19,1970559302,1,-71.5,24.8,66,20.0,17.0,112,35.2,cws-009
2024-06-08 19:20:19,1970559302,1,-71.5,24.8,66,20.0,17.0,112,35.2,cws-009
2024-06-08 19:21:19,1970559302,1,-71.5,24.8,66,20.0,17.0,112,35.2,cws-009
2024-06-08 19:22:19,1970559302,1,-71.5,24.8,66,20.0,17.0,112,35.2,cws-009
2024-06-08 19:23:19,1970559302,1,-71.5,24.8,66,20.0,17.0,112,35.2,cws-009
2024-06-08 19:24:19,1970559302,1,-71.5,24.8,66,20.0,17.0,112,35.2,cws-009
2024-06-08 19:25:19,1970559302,1,-71.5,24.8,66,20.0,17.0,112,35.2,cws-009
2024-06-08 19:26:19,1970559302,1,-71.5,24.8,66,20.0,17.0,112,35.2,cws-009
2024-06-08 19:27:19,1970559302,1,-71.5,24.8,66,20.0,17.0,112,35.2,cws-009
2024-06-08 19:28:19,1970559302,1,-71.5,24.8,66,20.0,17.0,112,35.2,cws-009
2024-06-08 19:29:19,1970559302,1,-71.5,24.8,66,20.0,17.0,112,35.2,cws-009
2024-06-08 19:30:19,1970559302,1,-71.5,24.8,66,20.0,17.0,112,35.2,cws-009
2024-06-08 19:31:19,1970559302,1,-71.5,24.8,66,20.0,17.0,112,35.2,cws-009
2024-06-08 19:32:19,1970559302,1,-71.5,24.8,66,20.0,17.0,112,35.2,cws-009
2024-06-08 19:33:19,1970559302,1,-71.5,24.8,66,20.0,17.0,112,35.2,cws-009
2024-06-08 19:34:19,1970559302,1,-71.5,24.8,66,20.0,17.0,112,35.2,cws-009
2024-06-08 19:35:19,1970559302,1,-71.5,24.8,66,20.0,17.0,112,35.2,cws-009
2024-06-08 19:36:19,1970559302,1,-71.5,24.8,66,20.0,17.0,112,35.2,cws-009
2024-06-08 19:37:19,1970559302,1,-71.5,24.8,66,20.0,17.0,112,35.2,cws-009
2024-06-08 19:38:19,1970559302,1,-71.5,24.8,66,20.0,17.0,112,35.2,cws-009
2024-06-08 19:39:19,1970559302,1,-71.5,24.8,66,20.0,17.0,112,35.2,cws-009
2024-06-08 19:40:19,1970559302,1,-71.5,24.8,66,20.0,17.0,112,35.2,cws-009
2024-06-08 19:41:20,1970559302,1,-71.5,24.8,66,20.0,17.0,112,35.2,cws-009
2024-06-08 19:42:20,1970559302,1,-71.5,24.8,66,20.0,17.0,112,35.2,cws-009
2024-06-08 19:43:20,1970559302,1,-71.5,24.8,66,20.0,17.0,112,35.2,cws-009
2024-06-08 19:44:20,1970559302,1,-71.5,24.8,66,20.0,17.0,112,35.2,cws-009
2024-06-08 19:45:20,1970559302,1,-71.5,24.8,66,20.0,17.0,112,35.2,cws-009
2024-06-08 19:46:20,1970559302,1,-71.5,24.8,66,20.0,17.0,112,35.2,cws-009
2024-06-08 19:47:20,1970559302,1,-71.5,24.8,66,20.0,17.0,112,35.2,cws-009
2024-06-08 19:48:20,1970559302,1,-71.5,24.8,66,20.0,17.0,112,35.2,cws-009
2024-06-08 19:49:20,1970559302,1,-71.5,24.8,66,20.0,17.0,112,35.2,cws-009
2024-06-08 19:50:20,1970559302,1,-71.5,24.8,66,20.0,17.0,112,35.2,cws-009
2024-06-08 19:51:20,1970559302,1,-71.5,24.8,66,20.0,17.0,112,35.2,cws-009
2024-06-08 19:52:20,1970559302,1,-71.5,24.8,66,20.0,17.0,112,35.2,cws-009
2024-06-08 19:53:20,1970559302,1,-71.5,24.8,66,20.0,17.0,112,35.2,cws-009
2024-06-08 19:54:20,1970559302,1,-71.5,24.8,66,20.0,17.0,112,35.2,cws-009
2024-06-08 19:55:20,1970559302,1,-71.5,24.8,66,20.0,17.0,112,35.2,cws-009
2024-06-08 19:56:20,1970559302,1,-71.5,24.8,66,20.0,17.0,112,35.2,cws-009
2024-06-08 19:57:20,1970559302,1,-71.5,24.8,66,20.0,17.0,112,35.2,cws-009
2024-06-08 19:58:20,1970559302,1,-71.5,24.8,66,20.0,17.0,112,35.2,cws-009
2024-06-08 19:59:20,1970559302,1,-71.5,24.8,66,20.0,17.0,112,35.2,cws-009
2024-06-08 20:00:20,1970559302,1,-71.5,24.8,66,20.0,17.0,112,35.2,cws-009
2024-06-08 20:01:20,1970559302,1,-71.5,24.8,66,20.0,17.0,112,35.2,cws-009
2024-06-08 20:02:20,1970559302,1,-71.5,24.8,66,20.0,17.0,112,35.2,cws-009
2024-06-08 20:03:20,1970559302,1,-71.5,24.8,66,20.0,17.0,112,35.2,cws-009
2024-06-08 20:04:20,1970559302,1,-71.5,24.8,66,20.0,17.0,112,35.2,cws-009
2024-06-08 20:05:20,1970559302,1,-71.5,24.8,66,20.0,17.0,112,35.2,cws-009
2024-06-08 20:06:20,1970559302,1,-71.5,24.8,66,20.0,17.0,112,35.2,cws-009
2024-06-08 20:07:20,1970559302,1,-71.5,24.8,66,20.0,17.0,112,35.2,cws-009
2024-06-08 20:08:20,1970559302,1,-71.5,24.8,66,20.0,17.0,112,35.2,cws-009
2024-06-08 20:09:20,1970559302,1,-71.5,24.8,66,20.0,17.0,112,35.2,cws-009
2024-06-08 20:10:20,1970559302,1,-71.5,24.8,66,20.0,17.0,112,35.2,cws-009
2024-06-08 20:11:20,1970559302,1,-71.5,24.8,66,20.0,17.0,112,35.2,cws-009
2024-06-08 20:12:20,1970559302,1,-71.5,24.8,66,20.0,17.0,112,35.2,cws-009
2024-06-08 20:13:20,1970559302,1,-71.5,24.8,66,20.0,17.0,112,35.2,cws-009
2024-06-08 20:14:20,1970559302,1,-71.5,24.8,66,20.0,17.0,112,35.2,cws-009
2024-06-08 20:15:20,1970559302,1,-71.5,24.8,66,20.0,17.0,112,35.2,cws-009
2024-06-08 20:16:21,1970559302,1,-71.5,24.8,66,20.0,17.0,112,35.2,cws-009
2024-06-08 20:17:21,1970559302,1,-71.5,24.8,66,20.0,17.0,112,35.2,cws-009
2024-06-08 20:18:21,1970559302,1,-71.5,24.8,66,20.0,17.0,112,35.2,cws-009
2024-06-08 20:19:21,1970559302,1,-71.5,24.8,66,20.0,17.0,112,35.2,cws-009
2024-06-08 20:20:21,1970559302,1,-71.5,24.8,66,20.0,17.0,112,35.2,cws-009
2024-06-08 20:21:21,1970559302,1,-71.5,24.8,66,20.0,17.0,112,35.2,cws-009
2024-06-08 20:22:21,1970559302,1,-71.5,24.8,66,20.0,17.0,112,35.2,cws-009
2024-06-08 20:23:21,1970559302,1,-71.5,24.8,66,20.0,17.0,112,35.2,cws-009
2024-06-08 20:24:21,1970559302,1,-71.5,24.8,66,20.0,17.0,112,35.2,cws-009
2024-06-08 20:25:21,1970559302,1,-71.5,24.8,66,20.0,17.0,112,35.2,cws-009
2024-06-08 20:26:21,1970559302,1,-71.5,24.8,66,20.0,17.0,112,35.2,cws-009
2024-06-08 20:27:21,1970559302,1,-71.5,24.8,66,20.0,17.0,112,35.2,cws-009
2024-06-08 20:28:21,1970559302,1,-71.5,24.8,66,20.0,17.0,112,35.2,cws-009
2024-06-08 20:29:21,1970559302,1,-71.5,24.8,66,20.0,17.0,112,35.2,cws-009
2024-06-08 20:30:21,1970559302,1,-71.5,24.8,66,20.0,17.0,112,35.2,cws-009
2024-06-08 20:31:21,1970559302,1,-71.5,24.8,66,20.0,17.0,112,35.2,cws-009
2024-06-08 20:32:21,1970559302,1,-71.5,24.8,66,20.0,17.0,112,35.2,cws-009
2024-06-08 20:33:21,1970559302,1,-71.5,24.8,66,20.0,17.0,112,35.2,cws-009
2024-06-08 20:34:21,1970559302,1,-71.5,24.8,66,20.0,17.0,112,35.2,cws-009
2024-06-08 20:35:21,1970559302,1,-71.5,24.8,66,20.0,17.0,112,35.2,cws-009
2024-06-08 20:36:21,1970559302,1,-71.5,24.8,66,20.0,17.0,112,35.2,cws-009
2024-06-08 20:37:21,1970559302,1,-71.5,24.8,66,20.0,17.0,112,35.2,cws-009
2024-06-08 20:38:21,1970559302,1,-71.5,24.8,66,20.0,17.0,112,35.2,cws-009
2024-06-08 20:39:21,1970559302,1,-71.5,24.8,66,20.0,17.0,112,35.2,cws-009
2024-06-08 20:40:21,1970559302,1,-71.5,24.8,66,20.0,17.0,112,35.2,cws-009
2024-06-08 20:41:21,1970559302,1,-71.5,24.8,66,20.0,17.0,112,35.2,cws-009
2024-06-08 20:42:21,1970559302,1,-71.5,24.8,66,20.0,17.0,112,35.2,cws-009
2024-06-08 20:43:21,1970559302,1,-71.5,24.8,66,20.0,17.0,112,35.2,cws-009
2024-06-08 20:44:21,1970559302,1,-71.5,24.8,66,20.0,17.0,112,35.2,cws-009
2024-06-08 20:45:21,1970559302,1,-71.5,24.8,66,20.0,17.0,112,35.2,cws-009
2024-06-08 20:46:21,1970559302,1,-71.5,24.8,66,20.0,17.0,112,35.2,cws-009
2024-06-08 20:47:21,1970559302,1,-71.5,24.8,66,20.0,17.0,112,35.2,cws-009
2024-06-08 20:48:21,1970559302,1,-71.5,24.8,66,20.0,17.0,112,35.2,cws-009
2024-06-08 20:49:21,1970559302,1,-71.5,24.8,66,20.0,17.0,112,35.2,cws-009
2024-06-08 20:50:21,1970559302,1,-71.5,24.8,66,20.0,17.0,112,35.2,cws-009
2024-06-08 20:51:22,1970559302,1,-71.5,24.8,66,20.0,17.0,112,35.2,cws-009
2024-06-08 20:52:22,1970559302,1,-71.5,24.8,66,20.0,17.0,112,35.2,cws-009
2024-06-08 20:53:22,1970559302,1,-71.5,24.8,66,20.0,17.0,112,35.2,cws-009
2024-06-08 20:54:22,1970559302,1,-71.5,24.8,66,20.0,17.0,112,35.2,cws-009
2024-06-08 20:55:22,1970559302,1,-71.5,24.8,66,20.0,17.0,112,35.2,cws-009
2024-06-08 20:56:22,1970559302,1,-71.5,24.8,66,20.0,17.0,112,35.2,cws-009
2024-06-08 20:57:22,1970559302,1,-71.5,24.8,66,20.0,17.0,112,35.2,cws-009
2024-06-08 20:58:22,1970559302,1,-71.5,24.8,66,20.0,17.0,112,35.2,cws-009
2024-06-08 20:59:22,1970559302,1,-71.5,24.8,66,20.0,17.0,112,35.2,cws-009
2024-06-08 21:00:22,1970559302,1,-71.5,24.8,66,20.0,17.0,112,35.2,cws-009
2024-06-08 21:01:22,1970559302,1,-71.5,24.8,66,20.0,17.0,112,35.2,cws-009
2024-06-08 21:02:22,1970559302,1,-71.5,24.8,66,20.0,17.0,112,35.2,cws-009
2024-06-08 21:03:22,1970559302,1,-71.5,24.8,66,20.0,17.0,112,35.2,cws-009
2024-06-08 21:04:22,1970559302,1,-71.5,24.8,66,20.0,17.0,112,35.2,cws-009
2024-06-08 21:05:22,1970559302,1,-71.5,24.8,66,20.0,17.0,112,35.2,cws-009
2024-06-08 21:06:22,1970559302,1,-71.5,24.8,66,20.0,17.0,112,35.2,cws-009
2024-06-08 21:07:22,1970559302,1,-71.5,24.8,66,20.0,17.0,112,35.2,cws-009
2024-06-08 21:08:22,1970559302,1,-71.5,24.8,66,20.0,17.0,112,35.2,cws-009
2024-06-08 21:09:22,1970559302,1,-71.5,24.8,66,20.0,17.0,112,35.2,cws-009
2024-06-08 21:10:22,1970559302,1,-71.5,24.8,66,20.0,17.0,112,35.2,cws-009
2024-06-08 21:11:22,1970559302,1,-71.5,24.8,66,20.0,17.0,112,35.2,cws-009
2024-06-08 21:12:22,1970559302,1,-71.5,24.8,66,20.0,17.0,112,35.2,cws-009
2024-06-08 21:13:22,1970559302,1,-71.5,24.8,66,20.0,17.0,112,35.2,cws-009
2024-06-08 21:14:22,1970559302,1,-71.5,24.8,66,20.0,17.0,112,35.2,cws-009
2024-06-08 21:15:22,1970559302,1,-71.5,24.8,66,20.0,17.0,112,35.2,cws-009
2024-06-08 21:16:22,1970559302,1,-71.5,24.8,66,20.0,17.0,112,35.2,cws-009
2024-06-08 21:17:22,1970559302,1,-71.5,24.8,66,20.0,17.0,112,35.2,cws-009
2024-06-08 21:18:22,1970559302,1,-71.5,24.8,66,20.0,17.0,112,35.2,cws-009
2024-06-08 21:19:22,1970559302,1,-71.5,24.8,66,20.0,17.0,112,35.2,cws-009
2024-06-08 21:20:22,1970559302,1,-71.5,24.8,66,20.0,17.0,112,35.2,cws-009
2024-06-08 21:21:22,1970559302,1,-71.5,24.8,66,20.0,17.0,112,35.2,cws-009
2024-06-08 21:22:22,1970559302,1,-71.5,24.8,66,20.0,17.0,112,35.2,cws-009
2024-06-08 21:23:22,1970559302,1,-71.5,24.8,66,20.0,17.0,112,35.2,cws-009
2024-06-08 21:24:22,1970559302,1,-71.5,24.8,66,20.0,17.0,112,35.2,cws-009
2024-06-08 21:25:23,1970559302,1,-71.5,24.8,66,20.0,17.0,112,35.2,cws-009
2024-06-08 21:26:23,1970559302,1,-71.5,24.8,66,20.0,17.0,112,35.2,cws-009
2024-06-08 21:27:23,1970559302,1,-71.5,24.8,66,20.0,17.0,112,35.2,cws-009
2024-06-08 21:28:23,1970559302,1,-71.5,24.8,66,20.0,17.0,112,35.2,cws-009
2024-06-08 21:29:23,1970559302,1,-71.5,24.8,66,20.0,17.0,112,35.2,cws-009
2024-06-08 21:30:23,1970559302,1,-71.5,24.8,66,20.0,17.0,112,35.2,cws-009
2024-06-08 21:31:23,1970559302,1,-71.5,24.8,66,20.0,17.0,112,35.2,cws-009
2024-06-08 21:32:23,1970559302,1,-71.5,24.8,66,20.0,17.0,112,35.2,cws-009
2024-06-08 21:33:23,1970559302,1,-71.5,24.8,66,20.0,17.0,112,35.2,cws-009
2024-06-08 21:34:23,1970559302,1,-71.5,24.8,66,20.0,17.0,112,35.2,cws-009
2024-06-08 21:35:23,1970559302,1,-71.5,24.8,66,20.0,17.0,112,35.2,cws-009
2024-06-08 21:36:23,1970559302,1,-71.5,24.8,66,20.0,17.0,112,35.2,cws-009
2024-06-08 21:37:23,1970559302,1,-71.5,24.8,66,20.0,17.0,112,35.2,cws-009
2024-06-08 21:38:23,1970559302,1,-71.5,24.8,66,20.0,17.0,112,35.2,cws-009
2024-06-08 21:39:23,1970559302,1,-71.5,24.8,66,20.0,17.0,112,35.2,cws-009
2024-06-08 21:40:23,1970559302,1,-71.5,24.8,66,20.0,17.0,112,35.2,cws-009
2024-06-08 21:41:23,1970559302,1,-71.5,24.8,66,20.0,17.0,112,35.2,cws-009
2024-06-08 21:42:23,1970559302,1,-71.5,24.8,66,20.0,17.0,112,35.2,cws-009
2024-06-08 21:43:23,1970559302,1,-71.5,24.8,66,20.0,17.0,112,35.2,cws-009
2024-06-08 21:44:23,1970559302,1,-71.5,24.8,66,20.0,17.0,112,35.2,cws-009
2024-06-08 21:45:23,1970559302,1,-71.5,24.8,66,20.0,17.0,112,35.2,cws-009
2024-06-08 21:46:23,1970559302,1,-71.5,24.8,66,20.0,17.0,112,35.2,cws-009
2024-06-08 21:47:23,1970559302,1,-71.5,24.8,66,20.0,17.0,112,35.2,cws-009
2024-06-08 21:48:23,1970559302,1,-71.5,24.8,66,20.0,17.0,112,35.2,cws-009
2024-06-08 21:49:23,1970559302,1,-71.5,24.8,66,20.0,17.0,112,35.2,cws-009
2024-06-08 21:50:23,1970559302,1,-71.5,24.8,66,20.0,17.0,112,35.2,cws-009
2024-06-08 21:51:23,1970559302,1,-71.5,24.8,66,20.0,17.0,112,35.2,cws-009
2024-06-08 21:52:23,1970559302,1,-71.5,24.8,66,20.0,17.0,112,35.2,cws-009
2024-06-08 21:53:23,1970559302,1,-71.5,24.8,66,20.0,17.0,112,35.2,cws-009
2024-06-08 21:54:23,1970559302,1,-71.5,24.8,66,20.0,17.0,112,35.2,cws-009
2024-06-08 21:55:23,1970559302,1,-71.5,24.8,66,20.0,17.0,112,35.2,cws-009
2024-06-08 21:56:23,1970559302,1,-71.5,24.8,66,20.0,17.0,112,35.2,cws-009
2024-06-08 21:57:23,1970559302,1,-71.5,24.8,66,20.0,17.0,112,35.2,cws-009
2024-06-08 21:58:23,1970559302,1,-71.5,24.8,66,20.0,17.0,112,35.2,cws-009
2024-06-08 21:59:23,1970559302,1,-71.5,24.8,66,20.0,17.0,112,35.2,cws-009
2024-06-08 22:00:24,1970559302,1,-71.5,24.8,66,20.0,17.0,112,35.2,cws-009
2024-06-08 22:01:24,1970559302,1,-71.5,24.8,66,20.0,17.0,112,35.2,cws-009
2024-06-08 22:02:24,1970559302,1,-71.5,24.8,66,20.0,17.0,112,35.2,cws-009
2024-06-08 22:03:24,1970559302,1,-71.5,24.8,66,20.0,17.0,112,35.2,cws-009
2024-06-08 22:04:24,1970559302,1,-71.5,24.8,66,20.0,17.0,112,35.2,cws-009
2024-06-08 22:05:24,1970559302,1,-71.5,24.8,66,20.0,17.0,112,35.2,cws-009
2024-06-08 22:06:24,1970559302,1,-71.5,24.8,66,20.0,17.0,112,35.2,cws-009
2024-06-08 22:07:24,1970559302,1,-71.5,24.8,66,20.0,17.0,112,35.2,cws-009
2024-06-08 22:08:24,1970559302,1,-71.5,24.8,66,20.0,17.0,112,35.2,cws-009
2024-06-08 22:09:24,1970559302,1,-71.5,24.8,66,20.0,17.0,112,35.2,cws-009
2024-06-08 22:10:24,1970559302,1,-71.5,24.8,66,20.0,17.0,112,35.2,cws-009
2024-06-08 22:11:24,1970559302,1,-71.5,24.8,66,20.0,17.0,112,35.2,cws-009
2024-06-08 22:12:24,1970559302,1,-71.5,24.8,66,20.0,17.0,112,35.2,cws-009
2024-06-08 22:13:24,1970559302,1,-71.5,24.8,66,20.0,17.0,112,35.2,cws-009
2024-06-08 22:14:24,1970559302,1,-71.5,24.8,66,20.0,17.0,112,35.2,cws-009
2024-06-08 22:15:24,1970559302,1,-71.5,24.8,66,20.0,17.0,112,35.2,cws-009
2024-06-08 22:16:24,1970559302,1,-71.5,24.8,66,20.0,17.0,112,35.2,cws-009
2024-06-08 22:17:24,1970559302,1,-71.5,24.8,66,20.0,17.0,112,35.2,cws-009
2024-06-08 22:18:24,1970559302,1,-71.5,24.8,66,20.0,17.0,112,35.2,cws-009
2024-06-08 22:19:24,1970559302,1,-71.5,24.8,66,20.0,17.0,112,35.2,cws-009
2024-06-08 22:20:24,1970559302,1,-71.5,24.8,66,20.0,17.0,112,35.2,cws-009
2024-06-08 22:21:24,1970559302,1,-71.5,24.8,66,20.0,17.0,112,35.2,cws-009
2024-06-08 22:22:24,1970559302,1,-71.5,24.8,66,20.0,17.0,112,35.2,cws-009
2024-06-08 22:23:24,1970559302,1,-71.5,24.8,66,20.0,17.0,112,35.2,cws-009
2024-06-08 22:24:24,1970559302,1,-71.5,24.8,66,20.0,17.0,112,35.2,cws-009
2024-06-08 22:25:24,1970559302,1,-71.5,24.8,66,20.0,17.0,112,35.2,cws-009
2024-06-08 22:26:24,1970559302,1,-71.5,24.8,66,20.0,17.0,112,35.2,cws-009
2024-06-08 22:27:24,1970559302,1,-71.5,24.8,66,20.0,17.0,112,35.2,cws-009
2024-06-08 22:28:24,1970559302,1,-71.5,24.8,66,20.0,17.0,112,35.2,cws-009
2024-06-08 22:29:24,1970559302,1,-71.5,24.8,66,20.0,17.0,112,35.2,cws-009
2024-06-08 22:30:24,1970559302,1,-71.5,24.8,66,20.0,17.0,112,35.2,cws-009
2024-06-08 22:31:24,1970559302,1,-71.5,24.8,66,20.0,17.0,112,35.2,cws-009
2024-06-08 22:32:24,1970559302,1,-71.5,24.8,66,20.0,17.0,112,35.2,cws-009
2024-06-08 22:33:24,1970559302,1,-71.5,24.8,66,20.0,17.0,112,35.2,cws-009
2024-06-08 22:34:25,1970559302,1,-71.5,24.8,66,20.0,17.0,112,35.2,cws-009
2024-06-08 22:35:25,1970559302,1,-71.5,24.8,66,20.0,17.0,112,35.2,cws-009
2024-06-08 22:36:25,1970559302,1,-71.5,24.8,66,20.0,17.0,112,35.2,cws-009
2024-06-08 22:37:25,1970559302,1,-71.5,24.8,66,20.0,17.0,112,35.2,cws-009
2024-06-08 22:38:25,1970559302,1,-71.5,24.8,66,20.0,17.0,112,35.2,cws-009
2024-06-08 22:39:25,1970559302,1,-71.5,24.8,66,20.0,17.0,112,35.2,cws-009
2024-06-08 22:40:25,1970559302,1,-71.5,24.8,66,20.0,17.0,112,35.2,cws-009
2024-06-08 22:41:25,1970559302,1,-71.5,24.8,66,20.0,17.0,112,35.2,cws-009
2024-06-08 22:42:25,1970559302,1,-71.5,24.8,66,20.0,17.0,112,35.2,cws-009
2024-06-08 22:43:25,1970559302,1,-71.5,24.8,66,20.0,17.0,112,35.2,cws-009
2024-06-08 22:44:25,1970559302,1,-71.5,24.8,66,20.0,17.0,112,35.2,cws-009
2024-06-08 22:45:25,1970559302,1,-71.5,24.8,66,20.0,17.0,112,35.2,cws-009
2024-06-08 22:46:25,1970559302,1,-71.5,24.8,66,20.0,17.0,112,35.2,cws-009
2024-06-08 22:47:25,1970559302,1,-71.5,24.8,66,20.0,17.0,112,35.2,cws-009
2024-06-08 22:48:25,1970559302,1,-71.5,24.8,66,20.0,17.0,112,35.2,cws-009
2024-06-08 22:49:25,1970559302,1,-71.5,24.8,66,20.0,17.0,112,35.2,cws-009
2024-06-08 22:50:25,1970559302,1,-71.5,24.8,66,20.0,17.0,112,35.2,cws-009
2024-06-08 22:51:25,1970559302,1,-71.5,24.8,66,20.0,17.0,112,35.2,cws-009
2024-06-08 22:52:25,1970559302,1,-71.5,24.8,66,20.0,17.0,112,35.2,cws-009
2024-06-08 22:53:25,1970559302,1,-71.5,24.8,66,20.0,17.0,112,35.2,cws-009
2024-06-08 22:54:25,1970559302,1,-71.5,24.8,66,20.0,17.0,112,35.2,cws-009
2024-06-08 22:55:25,1970559302,1,-71.5,24.8,66,20.0,17.0,112,35.2,cws-009
2024-06-08 22:56:25,1970559302,1,-71.5,24.8,66,20.0,17.0,112,35.2,cws-009
2024-06-08 22:57:25,1970559302,1,-71.5,24.8,66,20.0,17.0,112,35.2,cws-009
2024-06-08 22:58:25,1970559302,1,-71.5,24.8,66,20.0,17.0,112,35.2,cws-009
2024-06-08 22:59:25,1970559302,1,-71.5,24.8,66,20.0,17.0,112,35.2,cws-009
2024-06-08 23:00:25,1970559302,1,-71.5,24.8,66,20.0,17.0,112,35.2,cws-009
2024-06-08 23:01:25,1970559302,1,-71.5,24.8,66,20.0,17.0,112,35.2,cws-009
2024-06-08 23:02:25,1970559302,1,-71.5,24.8,66,20.0,17.0,112,35.2,cws-009
2024-06-08 23:03:25,1970559302,1,-71.5,24.8,66,20.0,17.0,112,35.2,cws-009
2024-06-08 23:04:25,1970559302,1,-71.5,24.8,66,20.0,17.0,112,35.2,cws-009
2024-06-08 23:05:25,1970559302,1,-71.5,24.8,66,20.0,17.0,112,35.2,cws-009
2024-06-08 23:06:25,1970559302,1,-71.5,24.8,66,20.0,17.0,112,35.2,cws-009
2024-06-08 23:07:25,1970559302,1,-71.5,24.8,66,20.0,17.0,112,35.2,cws-009
2024-06-08 23:08:25,1970559302,1,-71.5,24.8,66,20.0,17.0,112,35.2,cws-009
2024-06-08 23:09:25,1970559302,1,-71.5,24.8,66,20.0,17.0,112,35.2,cws-009
2024-06-08 23:10:26,1970559302,1,-71.5,24.8,66,20.0,17.0,112,35.2,cws-009
2024-06-08 23:11:26,1970559302,1,-71.5,24.8,66,20.0,17.0,112,35.2,cws-009
2024-06-08 23:12:26,1970559302,1,-71.5,24.8,66,20.0,17.0,112,35.2,cws-009
